id,title,category,subcategory,short_pitch,merchant,product_url,list_or_typical_price,current_price,discount_basis,is_verified_discount,currency,ceiling_bucket,restrictions_notes,last_checked_date,suggested_affiliate_network,image_notes,image_url,image_alt,image_source,status
tinkr-home-essentials-kit-target,TINKR Home Essentials Kit with Canvas Roll-up Case,home,hand-tools,"A compact apartment-friendly starter kit (hammer, ratchet driver, wrench, hex keys, tape) that stores in one roll.",Target,https://www.target.com/p/tinkr-home-essentials-kit-with-canvas-roll-up-case/-/A-94618326,,29.99,price check only — no verified discount. Target PDP on 2026-09-29 showed $29.99 with no reg-versus-sale comparison.,false,,under_50,In-store vs online pricing may differ; confirm reg/sale at checkout. Kit contents are entry-level tools.,2026-09-29,impact,Use Target product hero of rolled canvas kit; do not hotlink without permission — note URL from Target PDP media.,https://target.scene7.com/is/image/Target/GUEST_0c9c6243-86e9-40f2-af88-e4577a477ba0?wid=600&hei=600&qlt=85,TINKR Home Essentials Kit with Canvas Roll-up Case,target,live
stanley-fatmax-25ft-tape-homedepot,Stanley FatMax 25 ft. Tape Measure,home,hand-tools,A wide-blade 25 ft tape that stands out farther than skinny tapes—useful for solo measuring around the house.,Home Depot,https://www.homedepot.com/p/Stanley-25-ft-FATMAX-Tape-Measure-33-725Y/100052995,,24.97,price check only — no verified discount,false,,under_25,Local store prices may vary. Confirm model 33-725Y (or current FatMax SKU) before linking.,,impact,Home Depot PDP product image of yellow FatMax tape; prefer merchant CDN URL if publicly linked.,https://images.thdstatic.com/productImages/df5797b7-07fb-46c8-919c-64a2662fdc81/svn/stanley-tape-measures-33-725y-64_600.jpg,Stanley FatMax 25 ft. Tape Measure,homedepot,
black-decker-led-under-cabinet-2bar-homedepot,BLACK+DECKER 9 in. LED 2-Bar Battery Under Cabinet Lighting Kit,home,lighting,Battery stick-on under-cabinet bars for renters who want brighter counters without hardwiring.,Amazon,https://www.amazon.com/BLACK-DECKER-LEDUC9-2BAT-Battery-Operated/dp/B0937DRDLF,,24.69,"Unpublished 2026-09-28: ASIN B0937DRDLF now resolves to a PureOptics under-cabinet light, not the BLACK+DECKER LEDUC9-2BAT this row described.",false,,under_25,"Unpublished 2026-09-28: ASIN B0937DRDLF now resolves to a PureOptics under-cabinet light, not the BLACK+DECKER LEDUC9-2BAT this row described. Requires 3 AA batteries (not included). Local store prices may vary. Home Depot item 319898754 errors; outbound uses Amazon ASIN B0937DRDLF for LEDUC9-2BAT.",2026-10-02,amazon,Home Depot product image of warm-white LED bars; model LEDUC9-2BAT.,https://m.media-amazon.com/images/P/B0937DRDLF.01._SCLZZZZZZZ_.jpg,BLACK+DECKER 9 in. LED 2-Bar Battery Under Cabinet Lighting Kit,amazon,expired
milwaukee-9in1-multi-nut-driver-homedepot,Milwaukee 9-in-1 Multi-Nut Driver,home,hand-tools,"One slim driver covering common nut sizes—handy for furniture, appliances, and bike rack hardware.",Home Depot,https://www.homedepot.com/p/Milwaukee-9-in-1-Multi-Nut-Driver-48-22-2920/327600606,,27.97,price check only — no verified discount,false,,under_50,HD consumer card promos are separate from product price; do not advertise card offers as product discounts.,,impact,Home Depot PDP image of multi-nut driver; model 48-22-2920.,/assets/products/milwaukee-48-22-2920.webp,Milwaukee 9-in-1 Multi-Nut Driver,milwaukee,
hart-2-position-ratcheting-screwdriver-walmart,HART 2-Position Ratcheting Screwdriver,home,hand-tools,A basic ratcheting driver for furniture assembly and wall-mount jobs without buying a full bit kit.,Walmart,https://www.walmart.com/search?q=HART+2-Position+Ratcheting+Screwdriver,21.24,14.86,"secondary deal report citing merchant was/now (Bob Vila Walmart HART clearance, published 2026-09-17) — re-verify on Walmart PDP before publish",false,,under_25,"HART inventory clearing at Walmart; many SKUs go OOS. Confirm exact SKU, battery inclusion, and live price. Search URL used when canonical PDP not confirmed.",,impact,Walmart PDP hero for matching HART SKU once locked; do not use Bob Vila photos without license.,,,,
hart-5pc-impact-drive-bit-set-walmart,HART 5-Piece Impact Drive Bit Set,home,hand-tools,Small impact bit set for common fastener jobs when you only need a few sizes.,Walmart,https://www.walmart.com/search?q=HART+5-Piece+Impact+Drive+Bit+Set,7.75,3.97,"secondary deal report citing merchant was/now (Bob Vila Walmart HART clearance, published 2026-09-17) — re-verify on Walmart PDP before publish",false,,under_25,"HART inventory clearing at Walmart; many SKUs go OOS. Confirm exact SKU, battery inclusion, and live price. Search URL used when canonical PDP not confirmed.",,impact,Walmart PDP hero for matching HART SKU once locked; do not use Bob Vila photos without license.,,,,
hart-titanium-drill-bit-set-walmart,HART Titanium Drill Bit Set,home,hand-tools,Budget titanium-coated bits for occasional wood/metal drilling around the house.,Walmart,https://www.walmart.com/search?q=HART+Titanium+Drill+Bit+Set,7.19,3.58,"secondary deal report citing merchant was/now (Bob Vila Walmart HART clearance, published 2026-09-17) — re-verify on Walmart PDP before publish",false,,under_25,"HART inventory clearing at Walmart; many SKUs go OOS. Confirm exact SKU, battery inclusion, and live price. Search URL used when canonical PDP not confirmed.",,impact,Walmart PDP hero for matching HART SKU once locked; do not use Bob Vila photos without license.,,,,
hart-anti-vibration-work-gloves-walmart,HART Anti-Vibration Work Gloves,home,safety-gear,Padded work gloves for yard and demo tasks where vibration and grip matter more than fashion.,Walmart,https://www.walmart.com/search?q=HART+Anti-Vibration+Work+Gloves,16.96,14.98,"secondary deal report citing merchant was/now (Bob Vila Walmart HART clearance, published 2026-09-17) — re-verify on Walmart PDP before publish",false,,under_25,"HART inventory clearing at Walmart; many SKUs go OOS. Confirm exact SKU, battery inclusion, and live price. Search URL used when canonical PDP not confirmed.",,impact,Walmart PDP hero for matching HART SKU once locked; do not use Bob Vila photos without license.,,,,
hart-18ga-brad-nails-1000-walmart,"HART 1,000-Piece 18-Gauge Brad Nails",home,fasteners,Consumable brad nails for trim and craft nailers—buy only if you already own a compatible gun.,Walmart,https://www.walmart.com/search?q=HART+18-Gauge+Brad+Nails+1000,6.3,3.24,"secondary deal report citing merchant was/now (Bob Vila Walmart HART clearance, published 2026-09-17) — re-verify on Walmart PDP before publish",false,,under_25,"HART inventory clearing at Walmart; many SKUs go OOS. Confirm exact SKU, battery inclusion, and live price. Search URL used when canonical PDP not confirmed.",,impact,Walmart PDP hero for matching HART SKU once locked; do not use Bob Vila photos without license.,,,,
hart-10gal-wet-dry-vac-walmart,HART 10-Gallon 6-Peak-HP Wet/Dry Vacuum,home,cleaning-tools,Shop-vac capacity for garage spills and remodel dust without paying pro-tier prices.,Walmart,https://www.walmart.com/search?q=HART+10-Gallon+Wet+Dry+Vacuum,66.78,44.46,"secondary deal report citing merchant was/now (Bob Vila Walmart HART clearance, published 2026-09-17) — re-verify on Walmart PDP before publish",false,,under_50,"HART inventory clearing at Walmart; many SKUs go OOS. Confirm exact SKU, battery inclusion, and live price. Search URL used when canonical PDP not confirmed.",,impact,Walmart PDP hero for matching HART SKU once locked; do not use Bob Vila photos without license.,,,,
hart-7gal-wet-dry-vac-walmart,HART 7-Gallon 5-Peak-HP Wet/Dry Vacuum,home,cleaning-tools,Smaller-footprint wet/dry vac for apartments and light workshop cleanup.,Walmart,https://www.walmart.com/search?q=HART+7-Gallon+Wet+Dry+Vacuum,55.13,48.87,"secondary deal report citing merchant was/now (Bob Vila Walmart HART clearance, published 2026-09-17) — re-verify on Walmart PDP before publish",false,,under_50,"HART inventory clearing at Walmart; many SKUs go OOS. Confirm exact SKU, battery inclusion, and live price. Search URL used when canonical PDP not confirmed.",,impact,Walmart PDP hero for matching HART SKU once locked; do not use Bob Vila photos without license.,,,,
hart-8gal-wet-dry-vac-walmart,HART 8-Gallon 6-Peak-HP Wet/Dry Vacuum,home,cleaning-tools,Mid-size wet/dry vac for home projects; clearance pricing may disappear as HART exits Walmart.,Walmart,https://www.walmart.com/search?q=HART+8-Gallon+Wet+Dry+Vacuum,84.26,54.97,"secondary deal report citing merchant was/now (Bob Vila Walmart HART clearance, published 2026-09-17) — re-verify on Walmart PDP before publish",false,,under_100,"HART inventory clearing at Walmart; many SKUs go OOS. Confirm exact SKU, battery inclusion, and live price. Search URL used when canonical PDP not confirmed.",,impact,Walmart PDP hero for matching HART SKU once locked; do not use Bob Vila photos without license.,,,,
hart-20v-recip-saw-walmart,HART 20V Reciprocating Saw (tool only context varies),home,power-tools,Budget cordless recip for pruning and demo—confirm battery-included vs bare tool before buying.,Walmart,https://www.walmart.com/search?q=HART+20V+Reciprocating+Saw,57.86,28.93,"secondary deal report citing merchant was/now (Bob Vila Walmart HART clearance, published 2026-09-17) — re-verify on Walmart PDP before publish",false,,under_50,"HART inventory clearing at Walmart; many SKUs go OOS. Confirm exact SKU, battery inclusion, and live price. Search URL used when canonical PDP not confirmed.",,impact,Walmart PDP hero for matching HART SKU once locked; do not use Bob Vila photos without license.,,,,
irwin-10in-curved-jaw-locking-pliers-amazon,"IRWIN 10"" Curved Jaw Locking Pliers",home,hand-tools,Classic locking pliers for clamping and twisting when you need a third hand.,Amazon,https://www.amazon.com/dp/B00004YNIC,27.07,14.61,"Unpublished 2026-09-28: ASIN B00004YNIC now resolves to a music listing titled Radar, not IRWIN locking pliers.",false,,under_25,"Unpublished 2026-09-28: ASIN B00004YNIC now resolves to a music listing titled Radar, not IRWIN locking pliers. Amazon prices change frequently; confirm sold-by and ASIN. Search URL used until exact ASIN locked. Third-party sellers may differ.",2026-10-02,amazon,Amazon PDP main image for confirmed ASIN; avoid marketplace stock photos with watermarks.,https://m.media-amazon.com/images/P/B00004YNIC.01._SCLZZZZZZZ_.jpg,"IRWIN 10"" Curved Jaw Locking Pliers",amazon,expired
craftsman-25ft-tape-amazon,Craftsman 25-Foot Tape Measure,home,hand-tools,Straightforward 25 ft tape for household measuring without paying FatMax pricing.,Amazon,https://www.amazon.com/CRAFTSMAN-Measure-Self-Lock-25-Foot-CMHT37225S/dp/B07QG3ZXQC,,14.98,price check only — no verified discount. Amazon PDP on 2026-10-05 showed $14.98 with no list or typical comparison.,false,,under_25,Amazon prices change frequently; confirm sold-by and ASIN. Search URL used until exact ASIN locked. Third-party sellers may differ.,2026-10-05,amazon,Amazon PDP main image for confirmed ASIN; avoid marketplace stock photos with watermarks.,https://m.media-amazon.com/images/P/B07QG3ZXQC.01._SCLZZZZZZZ_.jpg,Craftsman 25-Foot Tape Measure,amazon,live
craftsman-26pc-ratcheting-screwdriver-amazon,Craftsman 26-Piece Ratcheting Screwdriver / Multibit Set,home,hand-tools,One handle plus common bits—covers most furniture and outlet-cover screws.,Amazon,https://www.amazon.com/CRAFTSMAN-Ratcheting-Screwdriver-Multibit-CMHT68001/dp/B07SGVXKZ9,24.05,15.99,"Amazon PDP shows List Price $24.05 versus $15.99. No typical-price history was on the page, so this is not marked as a verified discount.",false,,under_25,Amazon prices change frequently; confirm sold-by and ASIN. Search URL used until exact ASIN locked. Third-party sellers may differ.,2026-10-05,amazon,Amazon PDP main image for confirmed ASIN; avoid marketplace stock photos with watermarks.,https://m.media-amazon.com/images/P/B07SGVXKZ9.01._SCLZZZZZZZ_.jpg,Craftsman 26-Piece Ratcheting Screwdriver / Multibit Set,amazon,live
klein-16ft-compact-tape-amazon,Klein Tools 16-Foot Compact Tape Measure,home,hand-tools,Pocketable 16 ft tape for indoor projects where a 25 ft blade is overkill.,Amazon,https://www.amazon.com/Klein-Tools-Tape-Measure-16-Foot/dp/B0CDMJZX12,13.98,9.98,"Amazon PDP shows List Price $13.98 versus $9.98. No typical-price history was on the page, so this is not marked as a verified discount.",false,,under_25,Amazon prices change frequently; confirm sold-by and ASIN. Search URL used until exact ASIN locked. Third-party sellers may differ.,2026-10-05,amazon,Amazon PDP main image for confirmed ASIN; avoid marketplace stock photos with watermarks.,https://m.media-amazon.com/images/P/B0CDMJZX12.01._SCLZZZZZZZ_.jpg,Klein Tools 16-Foot Compact Tape Measure,amazon,live
estwing-16oz-rip-hammer-amazon,"Estwing 16 oz. Rip Hammer, Smooth Face",home,hand-tools,One-piece steel hammer known for durability—buy if you want a tool that lasts years of light framing.,Amazon,https://www.amazon.com/Estwing-Hammer-Straight-Smooth-Reduction/dp/B0000224VG,36.99,24.98,"Amazon PDP shows List Price $36.99 versus $24.98. No typical-price history was on the page, so this is not marked as a verified discount.",false,,under_25,Amazon prices change frequently; confirm sold-by and ASIN. Search URL used until exact ASIN locked. Third-party sellers may differ.,2026-10-05,amazon,Amazon PDP main image for confirmed ASIN; avoid marketplace stock photos with watermarks.,https://m.media-amazon.com/images/P/B0000224VG.01._SCLZZZZZZZ_.jpg,"Estwing 16 oz. Rip Hammer, Smooth Face",amazon,live
craftsman-20oz-fiberglass-hammer-amazon,Craftsman 20 oz. Fiberglass Hammer,home,hand-tools,Heavier fiberglass-handle hammer for driving nails without spending Estwing money.,Amazon,https://www.amazon.com/CRAFTSMAN-Fiberglass-General-Purpose-CMHT51399/dp/B07RBD7XZD,18.98,14.99,"Amazon PDP shows List Price $18.98 versus $14.99. No typical-price history was on the page, so this is not marked as a verified discount.",false,,under_25,Amazon prices change frequently; confirm sold-by and ASIN. Search URL used until exact ASIN locked. Third-party sellers may differ.,2026-10-05,amazon,Amazon PDP main image for confirmed ASIN; avoid marketplace stock photos with watermarks.,/assets/products/craftsman-cmht51399.webp,Craftsman 20 oz. Fiberglass Hammer,craftsman,live
channellock-12in-tongue-groove-amazon,"Channellock 12"" Tongue & Groove Pliers",home,hand-tools,Adjustable groove-joint pliers for plumbing fittings and stubborn fasteners.,Amazon,https://www.amazon.com/dp/B00820N746,24.0,20.85,Unpublished 2026-09-30: Amazon PDP for B00820N746 shows the Channellock 440 tongue-and-groove pliers as currently unavailable.,false,,under_25,Unpublished 2026-09-30: the locked Amazon page for the 12-inch Channellock 440 is currently unavailable. Prior price was not reconfirmed.,2026-10-02,amazon,Amazon PDP main image for confirmed ASIN; avoid marketplace stock photos with watermarks.,/assets/products/channellock-440.webp,"Channellock 12"" Tongue & Groove Pliers",channellock,expired
craftsman-8in-long-nose-pliers-amazon,Craftsman 8-Inch Long Nose Pliers (CMHT81645),home,hand-tools,"Needle-nose pliers for electrical boxes, jewelry-scale tasks, and tight spaces.",CRAFTSMAN,https://www.craftsman.com/en-us/product/cmht81645/craftsman-8-inch-long-nose-pliers,15.98,13.89,"secondary deal report citing merchant was/now (Bob Vila Amazon hand-tool deals, published 2026-09-15) — re-verify on Amazon PDP before publish",false,,under_25,Amazon prices change frequently; confirm sold-by and ASIN. Search URL used until exact ASIN locked. Third-party sellers may differ.,,pending,Amazon PDP main image for confirmed ASIN; avoid marketplace stock photos with watermarks.,/assets/products/craftsman-cmht81645.webp,Craftsman 8-Inch Long Nose Pliers (CMHT81645),craftsman,
craftsman-2pc-groove-joint-plier-set-amazon,"Craftsman 2-Piece Groove Joint Plier Set (8"" & 10"")",home,hand-tools,Two groove-joint sizes cover most household plumbing and clamping needs.,Amazon,https://www.amazon.com/CRAFTSMAN-Pliers-10-Inch-2-Piece-CMHT82547/dp/B096YM2L12,23.48,16.98,"Unpublished 2026-09-28: ASIN B096YM2L12 now resolves to a single CRAFTSMAN 10-inch groove-joint plier (CMHT81720), not the 2-piece set.",false,,under_25,"Unpublished 2026-09-28: ASIN B096YM2L12 now resolves to a single CRAFTSMAN 10-inch groove-joint plier (CMHT81720), not the 2-piece set. Amazon prices change frequently; confirm sold-by and ASIN. Search URL used until exact ASIN locked. Third-party sellers may differ.",2026-10-02,amazon,Amazon PDP main image for confirmed ASIN; avoid marketplace stock photos with watermarks.,/assets/products/craftsman-cmht82547.webp,"Craftsman 2-Piece Groove Joint Plier Set (8"" & 10"")",craftsman,expired
klein-15in1-multibit-ratcheting-screwdriver-amazon,Klein Tools 15-in-1 Multi-Bit Ratcheting Screwdriver,home,hand-tools,Pro-brand multibit driver for electricians and DIYers who want replaceable bits in one handle.,Klein Tools,https://www.kleintools.com/catalog/multi-bit-screwdrivers/15-1-multi-bit-ratcheting-screwdriver,24.97,19.98,"secondary deal report citing merchant was/now (Bob Vila Amazon hand-tool deals, published 2026-09-15) — re-verify on Amazon PDP before publish",false,,under_25,Amazon prices change frequently; confirm sold-by and ASIN. Search URL used until exact ASIN locked. Third-party sellers may differ.,,pending,Amazon PDP main image for confirmed ASIN; avoid marketplace stock photos with watermarks.,/assets/products/klein-32305.jpg,Klein Tools 15-in-1 Multi-Bit Ratcheting Screwdriver,klein,
klein-11in1-screwdriver-nut-driver-amazon,Klein Tools 11-in-1 Multi-Bit Screwdriver/Nut Driver,home,hand-tools,Combines common screw bits and nut drivers—good for light electrical and appliance work.,Amazon,https://www.amazon.com/Klein-Tools-32500-Screwdriver-Driver/dp/B095PTPSK3,,15.97,price check only — no verified discount,false,,under_25,Amazon prices change frequently; confirm sold-by and ASIN. Search URL used until exact ASIN locked. Third-party sellers may differ.,2026-10-05,amazon,Amazon PDP main image for confirmed ASIN; avoid marketplace stock photos with watermarks.,/assets/products/klein-32500.jpg,Klein Tools 11-in-1 Multi-Bit Screwdriver/Nut Driver,klein,live
irwin-7in-locking-pliers-cutter-amazon,"IRWIN VISE-GRIP 7"" Curved Jaw Locking Pliers with Cutter",home,hand-tools,Smaller locking pliers with a wire cutter for electrical and DIY clamping.,Amazon,https://www.amazon.com/IRWIN-07-7WR-Vise-Grip-7-Inch-Cutters/dp/B00004SBAW,,23.99,price check only — no verified discount,false,,under_25,Amazon prices change frequently; confirm sold-by and ASIN. Search URL used until exact ASIN locked. Third-party sellers may differ.,2026-10-05,amazon,Amazon PDP main image for confirmed ASIN; avoid marketplace stock photos with watermarks.,https://m.media-amazon.com/images/P/B00004SBAW.01._SCLZZZZZZZ_.jpg,"IRWIN VISE-GRIP 7"" Curved Jaw Locking Pliers with Cutter",amazon,live
oxo-good-grips-kitchen-scissors-amazon,OXO Good Grips Kitchen Scissors,home,kitchen-tools,"Separable kitchen shears for meat, herbs, and packaging—easier to clean than many one-piece scissors.",Amazon,https://www.amazon.com/OXO-Good-Grips-Kitchen-Scissors/dp/B08Q2C6RFP,,14.97,price check only — no verified discount,false,,under_25,Hand wash recommended per listing. Compare Target (~$12.99–$15) before buying; confirm ASIN B08Q2C6RFP.,2026-10-05,amazon,Amazon PDP of red-handle OXO kitchen scissors ASIN B08Q2C6RFP.,https://m.media-amazon.com/images/I/51qUkHkLxiL._AC_SL500_.jpg,OXO Good Grips Kitchen Scissors,amazon,live
oxo-swivel-peeler-target,OXO Swivel Peeler,home,kitchen-tools,A soft-grip swivel peeler that follows curves—worth owning if you prep produce weekly.,Target,https://www.target.com/p/oxo-swivel-peeler/-/A-13567836,,12.99,price check only — no verified discount,false,,under_25,Target Softworks vs Good Grips naming can differ by SKU; confirm blade/handle details. Amazon Good Grips variant often ~$11.99.,2026-09-28,impact,Target PDP hero of OXO swivel peeler A-13567836.,https://target.scene7.com/is/image/Target/GUEST_f1df8a68-32d4-444e-b524-7fd3e7203aaf?wid=600&hei=600&qlt=85,OXO Swivel Peeler,target,live
oxo-good-grips-salad-spinner-amazon,OXO Good Grips Salad Spinner (Large ~6.22 qt),home,kitchen-tools,One-handed pump spinner that doubles as a serving bowl—useful if you wash greens often.,Amazon,https://www.amazon.com/OXO-Good-Grips-Salad-Spinner/dp/B00004OCKR,,32.92,price check only — no verified discount. Amazon PDP on 2026-10-05 showed $32.92 with no list or typical price above it.,false,,under_50,Price fluctuates; some listings show ~$29–$33. Confirm capacity (large vs compact) matches need.,2026-10-05,amazon,Amazon PDP salad spinner ASIN B00004OCKR.,https://m.media-amazon.com/images/I/818Y0pTgRrL._AC_SL500_.jpg,OXO Good Grips Salad Spinner (Large ~6.22 qt),amazon,live
lodge-8in-cast-iron-skillet-amazon,Lodge 8-Inch Pre-Seasoned Cast Iron Skillet,home,cookware,Small Lodge skillet for eggs and sides—durable cookware that improves with use if maintained.,Amazon,https://www.amazon.com/dp/B00NZ7PTDS,17.9,14.39,"Amazon PDP shows List Price $17.90 versus $14.39. No typical-price history was on the page, so this is not marked as a verified discount.",false,,under_25,"Hand wash; re-season as needed. Target lists similar 8"" around $17.99—compare total with shipping/tax.",2026-10-05,amazon,Amazon/Lodge product image of 8-inch black skillet L5SK3.,https://m.media-amazon.com/images/I/71H-w0pZIuL._AC_SL500_.jpg,Lodge 8-Inch Pre-Seasoned Cast Iron Skillet,amazon,live
lodge-10-25-cast-iron-skillet-walmart,"Lodge 10.25"" Seasoned Cast Iron Skillet (L8SK3)",home,cookware,Everyday cast-iron size for searing and oven finishes without buying a full set.,Amazon,https://www.amazon.com/Lodge-Skillet-Pre-Seasoned-Ready-Stove/dp/B00006JSUA,24.9,20.92,"Amazon PDP shows List Price $24.90 versus $20.92. No typical-price history was on the page, so this is not marked as a verified discount.",false,,under_25,"Hand wash; re-season as needed. Locked plain L8SK3 Amazon listing B00006JSUA, not the decorative Walmart Wildlife Series SKU.",2026-10-05,amazon,Walmart PDP of Lodge 10.25 skillet; prefer plain L8SK3 if swapping SKU.,https://m.media-amazon.com/images/P/B00006JSUA.01._SCLZZZZZZZ_.jpg,"Lodge 10.25"" Seasoned Cast Iron Skillet (L8SK3)",amazon,live
pyrex-3pc-measuring-cup-set-amazon,Pyrex 3-Piece Glass Measuring Cup Set (1/2/4 cup),home,kitchen-tools,Tempered glass cups for liquids that go from fridge to microwave—more durable than cheap plastic.,Amazon,https://www.amazon.com/dp/B01I64KYAM,25.99,23.23,"Amazon PDP shows List Price $25.99 versus $23.23. No typical-price history was on the page, so this is not marked as a verified discount.",false,,under_25,Glass can shatter with thermal shock; follow oven/preheat guidance. Confirm 3-piece set contents.,2026-10-05,amazon,Amazon PDP of clear Pyrex measuring cups set.,https://m.media-amazon.com/images/I/71ygLu2o0OL._AC_SL500_.jpg,Pyrex 3-Piece Glass Measuring Cup Set (1/2/4 cup),amazon,live
microplane-premium-classic-zester-target,Microplane Premium Classic Fine Zester / Grater (Dark Blue),home,kitchen-tools,"Fine grater for citrus zest, hard cheese, and garlic—replaces dull box-grater sides for those tasks.",Target,https://www.target.com/p/microplane-premium-classic-zester-grater/-/A-88337174,,18.99,price check only — no verified discount,false,,under_25,Blade is sharp—use a finger guard or careful technique. Colorways may vary.,2026-09-28,impact,Target PDP of grey Microplane Classic zester.,https://target.scene7.com/is/image/Target/GUEST_a8a9f30a-c602-4c01-bf3b-ebe67f08c800?wid=600&hei=600&qlt=85,Microplane Premium Classic Fine Zester / Grater (Dark Blue),target,live
rubbermaid-brilliance-glass-8cup-target,Rubbermaid Brilliance Glass 8-Cup Food Storage Container with Lid,home,food-storage,Leak-resistant glass container with venting lid for leftovers and meal prep without staining.,Target,https://www.target.com/p/rubbermaid-8-cup-1-9-liter-large-brilliance-glass/-/A-79652750,,16.99,price check only — no verified discount. Target PDP on 2026-09-28 showed $16.99 with no reg-versus-sale comparison.,false,,under_25,Glass base oven-safe up to stated temp; plastic lid is not. Confirm current was/now at checkout.,2026-09-28,impact,Target PDP of Brilliance glass 8-cup container A-79652750.,https://target.scene7.com/is/image/Target/GUEST_58471dd4-e98a-43f9-8e76-6e5ba8974fe6?wid=600&hei=600&qlt=85,Rubbermaid Brilliance Glass 8-Cup Food Storage Container with Lid,target,live
oxo-kitchen-herb-scissors-oxo-com,OXO Good Grips Kitchen and Herb Scissors,home,kitchen-tools,"Kitchen and herb scissors with an herb stripper, linked to the locked Amazon listing for this model.",Amazon,https://www.amazon.com/OXO-Grips-Multi-Purpose-Kitchen-Shears/dp/B000KILLXM,21.99,20.49,"Amazon PDP shows List Price $21.99 versus $20.49. No typical-price history was on the page, so this is not marked as a verified discount.",false,,under_25,"Often cheaper at Target/Amazon; use brand page for specs, shop elsewhere for price. Brand-site listing was bot-walled; outbound now uses the matching Amazon PDP.",2026-10-05,amazon,OXO.com product photo of Kitchen and Herb Scissors.,https://m.media-amazon.com/images/P/B000KILLXM.01._SCLZZZZZZZ_.jpg,OXO Good Grips Kitchen and Herb Scissors,amazon,live
amazon-basics-microfiber-cloths-24pk,"Amazon Basics Microfiber Cleaning Cloths, 24-Pack (16"" x 12"")",everyday,cleaning,Reusable lint-free cloths for dusting and glass—cheaper per cloth than many store 4-packs.,Amazon,https://www.amazon.com/AmazonBasics-CW190423-24-Pack-Microfiber-Cleaning/dp/B009FUF6DM,,9.99,price check only — no verified discount,false,,under_25,Price often ~$9–$11; wash separately first. Confirm pack count (24).,2026-10-05,amazon,Amazon Basics pack photo of blue/white/yellow cloths ASIN B009FUF6DM.,https://m.media-amazon.com/images/I/914E9wjBWsL._AC_SL500_.jpg,"Amazon Basics Microfiber Cleaning Cloths, 24-Pack (16"" x 12"")",amazon,live
scotch-brite-heavy-duty-sponges-3ct-target,"Scotch-Brite Heavy Duty Scrub Sponges, 3-Count",everyday,cleaning,Abrasive scrub sponges for pots and pans—replace when they smell or flatten.,Target,https://www.target.com/p/scotch-brite-heavy-duty-scrub-sponges-3ct/-/A-76165590,,3.49,price check only — no verified discount,false,,under_25,Not for nonstick coatings that scratch easily—use zero-scratch variants on coated pans.,2026-09-28,impact,Target PDP of green/yellow Scotch-Brite 3ct pack.,https://target.scene7.com/is/image/Target/GUEST_4dda7285-1859-4955-bbe3-ab2ea840ff7f?wid=600&hei=600&qlt=85,"Scotch-Brite Heavy Duty Scrub Sponges, 3-Count",target,live
scotch-brite-zero-scratch-sponges-3ct-target,"Scotch-Brite Zero-Scratch Scrub Sponges, 3-Count",everyday,cleaning,Softer scrub sponges for surfaces that heavy-duty pads can scratch.,Target,https://www.target.com/p/scotch-brite-zero-scratch-scrub-sponges-3ct/-/A-76165591,,3.49,price check only — no verified discount,false,,under_25,Still not ideal for every finish; test a corner if unsure.,2026-09-28,impact,Target PDP of Scotch-Brite Zero-Scratch 3ct.,https://target.scene7.com/is/image/Target/GUEST_11eb9059-1389-49d2-9940-cb083369f274?wid=600&hei=600&qlt=85,"Scotch-Brite Zero-Scratch Scrub Sponges, 3-Count",target,live
clorox-fresh-scent-wipes-75ct-target,"Clorox Fresh Scent Disinfecting Wipes, 75-Count",everyday,cleaning,Bleach-free disinfecting wipes for counters and handles when you need a quick wipe-down.,Target,https://www.target.com/p/clorox-fresh-scent-disinfecting-wipes-75ct/-/A-53133307,,5.49,price check only — no verified discount. Target product data on 2026-09-29 showed $5.49 with no reg-versus-sale comparison.,false,,under_25,Follow contact-time instructions for disinfection claims. Fragrance may bother sensitive users.,2026-09-29,impact,Target PDP of Clorox Fresh Scent 75ct canister.,https://target.scene7.com/is/image/Target/GUEST_a0d1716e-2a9b-4d6b-a271-fbfa04164495?wid=600&hei=600&qlt=85,"Clorox Fresh Scent Disinfecting Wipes, 75-Count",target,live
room-essentials-storage-crate-target,Room Essentials Storage Crate (Milk-Crate Style),everyday,organization,"Stackable plastic crate for pantry overflow, garage bits, or dorm storage.",Target,https://www.target.com/p/storage-crate-black-room-essentials-8482/-/A-75666888,,5.0,price check only — no verified discount,false,,under_25,Confirm color/capacity on PDP; price can vary by colorway. Not sealed food storage.,2026-09-28,impact,Target PDP of Room Essentials storage crate (black or white).,https://target.scene7.com/is/image/Target/GUEST_d05e73f9-0b06-4008-95a6-557e93e12590?wid=600&hei=600&qlt=85,Room Essentials Storage Crate (Milk-Crate Style),target,live
amazon-basics-hdmi-cable-6ft,"Amazon Basics HDMI Cable, 6 ft (4K@60Hz / HDMI 2.0)",everyday,cables-chargers,"No-frills 6 ft HDMI for TVs, consoles, and monitors—skip expensive ‘premium’ branding for standard 4K60.",Amazon,https://www.amazon.com/AmazonBasics-High-Speed-HDMI-Cable-1-Pack/dp/B014I8SSD0,,4.8,price check only — no verified discount,false,,under_25,HDMI 2.0 / 4K60—not 8K or 48Gbps. Confirm length and connector needs.,2026-10-05,amazon,Amazon Basics black HDMI cable pack photo.,https://m.media-amazon.com/images/I/81Bxo64d2-L._AC_SL500_.jpg,"Amazon Basics HDMI Cable, 6 ft (4K@60Hz / HDMI 2.0)",amazon,live
anker-powercore-10000-amazon,Anker PowerCore 10000 Portable Charger,everyday,cables-chargers,"Compact ~10,000 mAh bank for roughly a couple phone charges—check airline rules for lithium packs.",Amazon,https://www.amazon.com/Anker-PowerCore-Ultra-Compact-High-Speed-Technology/dp/B0194WDVHI,,25.99,"Unpublished 2026-10-05: Amazon PDP for B0194WDVHI returned a 404, so the product link is broken.",false,,under_50,USB-A output model; newer phones may want USB-C banks. Flight-approved capacity but carry-on only. Sold by AnkerDirect typically.,2026-10-05,amazon,Amazon PDP of Anker PowerCore 10000 black brick ASIN B0194WDVHI.,,,,expired
anker-20w-usb-c-charger-nano-amazon,Anker 511 Nano / 20W USB-C Charger (cable not included),everyday,cables-chargers,Small 20W USB-C wall charger for phones and small tablets—buy a separate cable if you need one.,Amazon,https://www.amazon.com/Charger-Anker-Durable-PowerPort-Included/dp/B091H5DPF7,,,Unpublished 2026-09-28: Amazon marked this Anker 20W Nano listing currently unavailable.,false,,under_25,Unpublished 2026-09-28: Amazon marked this Anker 20W Nano listing currently unavailable. Cable not included. Confirm exact Nano vs Nano Pro SKU and regional plug type. Re-check Amazon price before publish.,2026-10-02,amazon,Amazon PDP of compact Anker 20W USB-C brick.,https://m.media-amazon.com/images/I/51UCIcDXQaS._AC_SL500_.jpg,Anker 511 Nano / 20W USB-C Charger (cable not included),amazon,expired
tide-pods-42ct-amazon,"Tide PODS Laundry Detergent Pacs, 42 Count (Original)",everyday,laundry,Pre-measured pacs for HE washers—compare cost per load against liquid before treating as a ‘deal’.,Amazon,https://www.amazon.com/Tide-Pods-Orginal-Tub-Count/dp/B0747ZC625,,12.97,price check only — no verified discount. Amazon PDP on 2026-10-05 showed $12.97 with no list or typical price above it.,false,,under_25,Keep away from children. Confirm count and scent. Subscribe & Save may change effective price. Locked Amazon ASIN B0747ZC625 42-count Original.,2026-10-05,amazon,Amazon/Tide PODS tub photo; lock exact ASIN on publish.,https://m.media-amazon.com/images/P/B0747ZC625.01._SCLZZZZZZZ_.jpg,"Tide PODS Laundry Detergent Pacs, 42 Count (Original)",amazon,live
crest-3d-whitestrips-professional-effects-amazon,Crest 3D Whitestrips Professional Effects (22 Treatments),everyday,personal-care,At-home whitening strips with a clear treatment count—check enamel sensitivity before committing.,Amazon,https://www.amazon.com/Crest-3D-Whitestrips-Professional-Effects/dp/B00AHAWWO0,45.99,34.99,"Amazon PDP shows List Price $45.99 versus $34.99. No typical-price history was on the page, so this is not marked as a verified discount.",false,,under_50,"Not for everyone (braces, sensitivity). Target/Walmart kit sizes differ—match strip count. S&S may lower Amazon price.",2026-10-05,amazon,Crest Professional Effects box; confirm treatment count on pack.,https://m.media-amazon.com/images/P/B00AHAWWO0.01._SCLZZZZZZZ_.jpg,Crest 3D Whitestrips Professional Effects (22 Treatments),amazon,live
amazon-basics-aa-batteries-48pk,Amazon Basics 48-Count AA and AAA Alkaline Batteries,everyday,batteries,A 24 AA plus 24 AAA alkaline pack for remotes and small devices. Compare the per-cell price with a same-size store pack.,Amazon,https://www.amazon.com/Amazon-Basics-Count-High-Performance-Batteries/dp/B094D3JGLT,16.7,14.2,"sale vs typical price on merchant page (Amazon: $14.20, typical price $16.70)",true,,under_25,"This ASIN is 24 AA and 24 AAA, not 48 AA cells. Alkaline, not rechargeable. Amazon typical price can move; confirm the count at checkout.",2026-10-05,amazon,"Amazon PDP main image for ASIN B094D3JGLT, captured 2026-09-28.",https://m.media-amazon.com/images/I/715RL6A12gL._AC_SL500_.jpg,Amazon Basics 48-Count AA and AAA Alkaline Batteries,amazon,live
packit-freezable-lunch-bag-gray-fog-target,Packit Freezable Lunch Bag (Gray Fog),everyday,food-storage,Freezable lunch bag that replaces ice packs for commute lunches—freeze flat overnight.,Target,https://www.target.com/p/packit-freezable-lunch-bag-gray-fog/-/A-92447652,,26.99,price check only — no verified discount. Target PDP on 2026-09-28 showed $26.99 with no reg-versus-sale comparison.,false,,under_50,Must freeze before use; not a powered cooler. Colorways/prices vary (e.g. Almond listed differently). Re-confirm sale.,2026-09-28,impact,Target PDP of Packit Gray Fog freezable lunch bag A-92447652.,https://target.scene7.com/is/image/Target/GUEST_5e13cbfb-988f-490c-b5f4-acbeb90bd8e3?wid=600&hei=600&qlt=85,Packit Freezable Lunch Bag (Gray Fog),target,live
contigo-autoseal-chill-24oz-walmart,"Contigo AUTOSEAL Chill Stainless Steel Water Bottle, 24 oz (Very Berry)",everyday,drinkware,Insulated bottle with AUTOSEAL lid to reduce spills in bags—good daily carry under $30 when in stock.,Amazon,https://www.amazon.com/Contigo-AUTOSEAL-Chill-Stainless-Bottle/dp/B01N6K88FQ,,27.09,Unpublished 2026-09-28: Amazon marked this Contigo AUTOSEAL Chill bottle currently unavailable.,false,,under_50,Unpublished 2026-09-28: Amazon marked this Contigo AUTOSEAL Chill bottle currently unavailable. Stock and colorways fluctuate. Hand-wash lid components as directed. Locked Amazon ASIN B01N6K88FQ Very Berry 24 oz AUTOSEAL Chill.,2026-10-02,amazon,Walmart Contigo Chill 24 oz product image; confirm exact color SKU.,https://m.media-amazon.com/images/P/B01N6K88FQ.01._SCLZZZZZZZ_.jpg,"Contigo AUTOSEAL Chill Stainless Steel Water Bottle, 24 oz (Very Berry)",amazon,expired
hydro-flask-24oz-standard-mouth-target,Hydro Flask 24 oz Standard Mouth Bottle (Starfish),everyday,drinkware,Insulated daily bottle with wide brand ecosystem of lids—buy when Target price beats brand site.,Amazon,https://www.amazon.com/Hydro-Flask-Standard-Mouth-Bottle/dp/B09D8RTD17,39.95,33.99,Unpublished 2026-09-28: Amazon marked this Hydro Flask 24 oz listing currently unavailable.,false,,under_50,Unpublished 2026-09-28: Amazon marked this Hydro Flask 24 oz listing currently unavailable. Brand MSRP from hydroflask.com. Not dishwasher-safe for all parts. Locked Amazon ASIN B09D8RTD17 24 oz Standard Mouth in Starfish.,2026-10-02,amazon,Target/Hydro Flask 24oz Standard Mouth product photo.,https://m.media-amazon.com/images/P/B09D8RTD17.01._SCLZZZZZZZ_.jpg,Hydro Flask 24 oz Standard Mouth Bottle (Starfish),amazon,expired
swiffer-wetjet-starter-kit-target,Swiffer WetJet Floor Mop Starter Kit,everyday,cleaning,Spray mop kit for hard floors when you want disposable pads more than a traditional mop bucket.,Target,https://www.target.com/p/swiffer-wetjet-floor-mop-starter-kit-1-spray-mop-5-mopping-pads-1-floor-cleaner-liquid-solution/-/A-18813263,,24.99,price check only — no verified discount,false,,under_25,Ongoing pad/solution cost can exceed mop price—factor refill spend. Re-check Target price.,2026-09-28,impact,Target PDP of WetJet starter kit box.,https://target.scene7.com/is/image/Target/GUEST_b1bb0f88-fe80-4758-98d8-47018a7a3883?wid=600&hei=600&qlt=85,Swiffer WetJet Floor Mop Starter Kit,target,live
anker-hdmi-usb-c-cable-6ft-target,"Anker USB-C to HDMI Cable, 6 ft (4K@60Hz)",everyday,cables-chargers,USB-C to HDMI for laptops/phones that support DisplayPort Alt Mode—verify device compatibility first.,Target,https://www.target.com/p/anker-hdmi-cable-4k-60hz-ultra-fast-usb-c-to-hdmi-cord-6ft/-/A-1013278314,,21.99,price check only — no verified discount,false,,under_25,Not all USB-C ports output video. Thunderbolt/DP Alt Mode required on host.,2026-09-28,impact,Target PDP of Anker USB-C to HDMI 6ft cable.,https://target.scene7.com/is/image/Target/GUEST_0ef131e3-080d-4ed9-aace-87d523f4720e?wid=600&hei=600&qlt=85,"Anker USB-C to HDMI Cable, 6 ft (4K@60Hz)",target,live
up-and-up-aa-batteries-48pk-target,"up&up AA Alkaline Batteries, 48-Pack",everyday,batteries,Target house-brand bulk AAs—compare per-cell price against Amazon Basics before buying.,Target,https://www.target.com/p/aa-batteries-48pk-alkaline-battery-up-38-up-8482/-/A-53692445,,29.99,price check only — no verified discount,false,,under_50,Editorial note: may not be the value pick vs Amazon Basics—include for merchant diversity / pickup convenience.,2026-09-28,impact,Target up&up AA 48pk packaging.,https://target.scene7.com/is/image/Target/GUEST_1c269506-14e8-4560-be22-5d72cdbedf37?wid=600&hei=600&qlt=85,"up&up AA Alkaline Batteries, 48-Pack",target,live
command-large-hooks-variety-pending,"Command Large Utility Hooks, 3-Pack (17003-3ES)",everyday,organization,Damage-free hanging hooks for renters—match weight rating to the object.,Amazon,https://www.amazon.com/dp/B00GD2RG6K,,,"Unpublished 2026-09-30: Amazon PDP for B000M3V8XI says currently unavailable, so there is no selling price to list.",false,,under_25,"Unpublished 2026-09-30: ASIN B000M3V8XI (Command large utility hooks, 3 hooks and 6 strips) is currently unavailable. No featured-offer price.",2026-10-02,amazon,Command brand pack image once ASIN chosen.,/assets/products/command-17003-3es.jpg,"Command Large Utility Hooks, 3-Pack (17003-3ES)",command,expired
scotch-magic-tape-multipack-pending,Scotch Magic Tape 6-Pack (3/4 in. x 800 in.),everyday,office-home,Invisible tape for wrapping and paperwork—buy multipacks when cost-per-roll is clear.,Target,https://www.target.com/p/scotch-6pk-magic-tape-3-4-34-x800-34/-/A-13356402,,15.69,price check only — no verified discount,false,,under_25,Lock specific pack size and current price before publish. Prefer warehouse club if shipping free.,2026-09-28,impact,Scotch Magic Tape multipack product photo.,https://target.scene7.com/is/image/Target/GUEST_50f899e9-564a-402b-81c3-3d50f04a97af?wid=600&hei=600&qlt=85,Scotch Magic Tape 6-Pack (3/4 in. x 800 in.),target,live
cabeau-evolution-classic-travel-pillow-target,Cabeau Evolution Classic Memory Foam Travel Neck Pillow,travel,comfort,Adjustable clasp memory-foam neck pillow for upright sleepers on planes and trains.,Target,https://www.target.com/p/cabeau-evolution-classic-memory-foam-travel-neck-pillow-adjustable-one-size-midnight-black/-/A-89140405,,29.99,price check only — no verified discount,false,,under_50,One-size; fit varies. Colorways Midnigh Black / Navy. Not a compression packing item.,2026-09-28,impact,Target PDP Cabeau Evolution Classic midnight black.,https://target.scene7.com/is/image/Target/GUEST_cd330f4e-53bc-4690-b876-876d29c7533a?wid=600&hei=600&qlt=85,Cabeau Evolution Classic Memory Foam Travel Neck Pillow,target,live
eagle-creek-pack-it-original-set-xs-s-m-amazon,Eagle Creek Pack-It Original Packing Cubes Set (XS/S/M),travel,packing,Three packing cubes to separate outfits and laundry—reduces suitcase digging.,Amazon,https://www.amazon.com/dp/B07CTG8BZ7,,35.0,Unpublished 2026-09-28: Amazon marked this Eagle Creek packing-cube set currently unavailable.,false,,under_50,Unpublished 2026-09-28: Amazon marked this Eagle Creek packing-cube set currently unavailable. Confirm color (e.g. Blue Sea) and exact set sizes. Prices move with colorway.,2026-10-02,amazon,Amazon PDP Eagle Creek Pack-It Original XS/S/M set.,https://m.media-amazon.com/images/I/91GDZ7znicL._AC_SL500_.jpg,Eagle Creek Pack-It Original Packing Cubes Set (XS/S/M),amazon,expired
amazon-basics-packing-cubes-4pc,Amazon Essentials 4-Piece Packing Cubes,travel,packing,"A gray four-piece cube set (small, medium, large, and slim) for splitting clothes inside a carry-on.",Amazon,https://www.amazon.com/dp/B014VBICGC,14.41,10.33,"sale vs typical price on merchant page (Amazon: $10.33, typical price $14.41)",true,,under_25,Sold as Amazon Essentials; the page says previously Amazon Basics. Gray only. Other cube counts are different ASINs.,2026-10-05,amazon,"Amazon PDP main image for ASIN B014VBICGC, captured 2026-09-28.",https://m.media-amazon.com/images/I/71GCQqyqpRL._AC_SL500_.jpg,Amazon Essentials 4-Piece Packing Cubes,amazon,live
samsonite-luggage-tag-set-amazon,Samsonite Luggage Tag (confirm set size),travel,luggage-accessories,Simple ID tags so bags are identifiable at the carousel—use a privacy flap for address details.,Amazon,https://www.amazon.com/dp/B07QV7M9KY,,20.34,price check only — no verified discount. Amazon PDP on 2026-10-05 showed $20.34 with no list or typical price above it.,false,,under_25,"The page title is Samsonite Global Ta Luggage Tag in black, listed at 10 centimeters. It reads as one tag, not a multi-pack. Skip putting a home address on the outside of the tag.",2026-10-05,amazon,Samsonite luggage tag product photo ASIN B07QV7M9KY.,https://m.media-amazon.com/images/I/61rUF4lFZPL._AC_SL500_.jpg,Samsonite Luggage Tag (confirm set size),amazon,live
travelon-rfid-anti-theft-mini-shoulder-target,Travelon RFID Anti-Theft Mini Shoulder Bag,travel,bags,Small anti-theft day bag with RFID-blocking pocket for passports and cards in crowded cities.,Target,https://www.target.com/p/travelon-rfid-anti-theft-mini-shoulder-bag-black/-/A-54541018,,39.49,price check only — no verified discount,false,,under_50,RFID blocking is not theft-proof. Larger Travelon crossbodies often exceed $50—stick to this mini SKU for ceiling.,2026-09-28,impact,Target PDP Travelon RFID mini shoulder bag black.,https://target.scene7.com/is/image/Target/GUEST_5e56d523-cc89-42cb-9867-fd974b02445a?wid=600&hei=600&qlt=85,Travelon RFID Anti-Theft Mini Shoulder Bag,target,live
travelon-self-laminating-luggage-tags-3pk-amazon,Travelon Set of 3 Self-Laminating Luggage Tags,travel,luggage-accessories,Write-on laminated tags for multiple bags—cheap redundancy if a tag falls off.,Amazon,https://www.amazon.com/dp/B078M2Q7XW,,6.99,price check only — no verified discount,false,,under_25,"Confirm pack of 3. Privacy: use email/phone, not full home address.",2026-10-05,amazon,Travelon clear self-laminating tags pack photo.,https://m.media-amazon.com/images/I/516JptlZlpL._AC_SL500_.jpg,Travelon Set of 3 Self-Laminating Luggage Tags,amazon,live
tsa-clear-quart-toiletry-bag-amazon,TSA-Approved Clear Quart Toiletry Bag (3-1-1 kit),travel,toiletries,Clear quart bag for liquids so security screening stays predictable—match airline 3-1-1 rules.,Amazon,https://www.amazon.com/s?k=TSA+approved+clear+quart+toiletry+bag,,,price check only — no verified discount (generic category; lock brand/ASIN),false,,under_25,Many no-name listings. Prefer known brand with zip integrity reviews. Liquids still must be ≤3.4 oz each.,,amazon,Clear zippered quart bag product photo once ASIN locked.,,,,
nalgene-32oz-wide-mouth-amazon,"Nalgene 32 oz Wide Mouth Bottle, Gray with Black Lid",travel,drinkware,Durable wide-mouth bottle for hiking days and hotel refills—measure markings help tracking intake.,Amazon,https://www.amazon.com/dp/B0B9T4KCV7,16.99,16.07,"Amazon PDP shows List Price $16.99 versus $16.07. No typical-price history was on the page, so this is not marked as a verified discount.",false,,under_25,Gray bottle with black lid on this ASIN. Not insulated. Other colors are different listings.,2026-10-05,amazon,"Amazon PDP main image for the gray bottle with black lid, ASIN B0B9T4KCV7.",https://m.media-amazon.com/images/P/B0B9T4KCV7.01._SCLZZZZZZZ_.jpg,"Nalgene 32 oz Wide Mouth Bottle, Gray with Black Lid",amazon,live
packit-freezable-lunch-bag-travel-note,Packit Freezable Lunch Bag (travel day-trip use),travel,food,Same freezable bag works for flights with food and road-trip snacks when ice packs are annoying.,Target,https://www.target.com/p/packit-freezable-lunch-bag-gray-fog/-/A-92447652,,26.99,price check only — no verified discount. Target PDP on 2026-09-28 showed $26.99 with no reg-versus-sale comparison.,false,,under_50,DUPLICATE SKU intentional for travel module—CMS should dedupe by merchant SKU if needed. Freeze overnight. Airline liquid rules still apply to drinks inside.,2026-09-28,impact,Same as everyday Packit listing — reuse asset.,https://target.scene7.com/is/image/Target/GUEST_5e13cbfb-988f-490c-b5f4-acbeb90bd8e3?wid=600&hei=600&qlt=85,Packit Freezable Lunch Bag (travel day-trip use),target,live
anker-powercore-10000-travel-slice,Anker PowerCore 10000 (travel carry),travel,power,"Pocket power bank for terminals and long connections—keep in carry-on, not checked bags.",Amazon,https://www.amazon.com/Anker-PowerCore-Ultra-Compact-High-Speed-Technology/dp/B0194WDVHI,,25.99,"Unpublished 2026-10-05: Amazon PDP for B0194WDVHI returned a 404, so the product link is broken.",false,,under_50,Cross-category with Everyday. Lithium batteries: carry-on only. Confirm airline watt-hour rules.,2026-10-05,amazon,Same Anker PowerCore 10000 asset as everyday listing.,,,,expired
klein-3pc-adjustable-wrench-set-amazon,Klein Tools 3-Piece Adjustable Wrench Set,home,hand-tools,Three adjustable wrenches covering common nut sizes for plumbing and assembly.,Amazon,https://www.amazon.com/Klein-Tools-D5073-Adjustable-Capacity/dp/B0CYHLQ7FW,39.98,32.98,"Amazon PDP shows List Price $39.98 versus $32.98. No typical-price history was on the page, so this is not marked as a verified discount.",false,,under_50,Confirm set contents and ASIN. Prices change often.,2026-10-05,amazon,Klein adjustable wrench set product image.,https://m.media-amazon.com/images/P/B0CYHLQ7FW.01._SCLZZZZZZZ_.jpg,Klein Tools 3-Piece Adjustable Wrench Set,amazon,live
klein-flickblade-utility-knife-amazon,Klein Tools FLICKBLADE 2-in-1 Utility Knife/Scraper (44306),home,hand-tools,Folding utility knife for boxes and scraping—safer to store than a fixed open blade.,Amazon,https://www.amazon.com/44306-FLICKBLADE-Folding-Positions-Triple-Ground/dp/B0F1C1LFD9,20.98,17.98,"Amazon PDP shows List Price $20.98 versus $17.98. No typical-price history was on the page, so this is not marked as a verified discount.",false,,under_25,Blades are sharp; lock closed when not in use. Locked Klein 44306 ASIN B0F1C1LFD9.,2026-10-05,amazon,Klein FLICKBLADE product photo.,https://m.media-amazon.com/images/P/B0F1C1LFD9.01._SCLZZZZZZZ_.jpg,Klein Tools FLICKBLADE 2-in-1 Utility Knife/Scraper (44306),amazon,live
irwin-vise-grip-11in-locking-c-clamp-amazon,"IRWIN VISE-GRIP Original 11"" Locking C-Clamp (11R)",home,hand-tools,Locking C-clamp for glue-ups and temporary holds when you lack bar clamps.,Amazon,https://www.amazon.com/VISE-GRIP-Original-Locking-C-Clamp-19/dp/B00004SBBH,,21.19,price check only — no verified discount,false,,under_25,Can mark soft wood—use pads. Locked Original 11-inch 11R / model 19 ASIN B00004SBBH.,2026-10-05,amazon,IRWIN locking C-clamp product image.,https://m.media-amazon.com/images/P/B00004SBBH.01._SCLZZZZZZZ_.jpg,"IRWIN VISE-GRIP Original 11"" Locking C-Clamp (11R)",amazon,live
oxo-good-grips-swivel-peeler-amazon,OXO Good Grips Swivel Peeler,home,kitchen-tools,Award-winning soft-grip peeler with built-in eye remover—daily-prep essential under $15.,Amazon,https://www.amazon.com/dp/B00004OCIP,13.99,9.99,"Amazon PDP shows List Price $13.99 versus $9.99. No typical-price history was on the page, so this is not marked as a verified discount.",false,,under_25,"The old ASIN B000I1ZVPA now opens B00004OCIP, the black Good Grips swivel peeler. List price only, not a typical-price discount. Dishwasher safe per listing.",2026-10-05,amazon,"Amazon PDP main image for the black OXO Good Grips swivel peeler, ASIN B00004OCIP.",https://m.media-amazon.com/images/I/51C5YC8mf3L._AC_SL500_.jpg,OXO Good Grips Swivel Peeler,amazon,live
instant-pot-duo-plus-mini-3qt-walmart,Instant Pot Duo Plus Mini 3-Quart 9-in-1,home,appliances,Small pressure cooker for 1–2 people—saves counter space vs 6-qt models.,Walmart,https://www.walmart.com/ip/Instant-Pot-Duo-Plus-3-Quart-Mini-9-in-1-Multi-Use-Pressure-Cooker/677032758,,79.96,price check only — no verified discount,false,,under_100,Above $50 kitchen guide ceiling—include as Home Savings appliance seed. Follow pressure-cooker safety. Confirm current Walmart price.,,impact,Walmart Instant Pot Duo Plus Mini 3qt product image.,,,,
dewalt-tough-tape-25ft-homedepot,DEWALT Tough Tape 25 ft. Tape Measure,home,hand-tools,Wide Tough Tape option from Home Depot if you prefer DeWalt over Stanley FatMax.,Home Depot,https://www.homedepot.com/p/DEWALT-Tough-Tape-25-ft-x-1-1-4-in-Tape-Measure-DWHT36925S/316481763,,,price check only — no verified discount (live price not captured this pass),false,,under_50,Re-check Home Depot price. Local store prices may vary.,,impact,Home Depot DeWalt Tough Tape PDP image.,https://images.thdstatic.com/productImages/bda3cdea-0d21-49a2-8b01-40e720988513/svn/dewalt-tape-measures-dwht36925s-64_600.jpg,DEWALT Tough Tape 25 ft. Tape Measure,homedepot,
threshold-bath-towel-value-pending-target,Threshold Bath Towel (value pick — lock SKU),everyday,bath,Target Threshold towels often land under $25—confirm GSM/feel in-store when possible.,Target,https://www.target.com/c/towels-bath-home-decor/threshold/-/N-5xtv9Z56dig,,,price check only — no verified discount (category page; specific SKU pending),false,,under_25,Lock a specific towel SKU and price. Watch for fiber blend and size.,,impact,Threshold towel product photo for chosen color/size.,,,,
room-essentials-6pc-dorm-towel-set-target,Room Essentials 6pc Everyday Striped Dorm Towel Set,everyday,bath,Budget towel set for dorms/guests—expect thinner fabric than premium Threshold.,Target,https://www.target.com/p/6pc-everyday-striped-dorm-towel-set-blue-white-room-essentials-8482/-/A-94908264,,20.0,price check only — no verified discount,false,,under_25,Re-check Target price and set contents (bath/hand/washcloth mix).,2026-09-28,impact,Target Room Essentials 6pc towel set PDP.,https://target.scene7.com/is/image/Target/GUEST_8a88867b-7995-4f72-a4ed-4e25d73f08c7?wid=600&hei=600&qlt=85,Room Essentials 6pc Everyday Striped Dorm Towel Set,target,live
rubbermaid-brilliance-9-6cup-2pk-amazon,"Rubbermaid Brilliance 9.6-Cup Food Storage Containers, 2-Count",home,food-storage,Two 9.6-cup airtight plastic containers for leftovers that need more room than a sandwich box.,Amazon,https://www.amazon.com/dp/B07X3XTCHW,28.68,18.98,"sale vs typical price on merchant page (Amazon: $18.98, typical price $28.68)",true,USD,under_25,Two-count 9.6-cup plastic set. Amazon typical price can change. Confirm the count on the PDP before checkout.,2026-10-05,amazon,"Amazon PDP main image for ASIN B07X3XTCHW, captured 2026-09-28.",https://m.media-amazon.com/images/I/81t07qUYo4L._AC_SL500_.jpg,"Rubbermaid Brilliance 9.6-Cup Food Storage Containers, 2-Count",amazon,live
rubbermaid-brilliance-tritan-5pk-amazon,"Rubbermaid Brilliance 3.2-Cup Tritan Containers, Set of 5",home,food-storage,Five 3.2-cup airtight Tritan containers for lunch portions and leftovers.,Amazon,https://www.amazon.com/dp/B079M8FPTW,32.48,23.73,"sale vs typical price on merchant page (Amazon: $23.73, typical price $32.48)",true,USD,under_25,"Set of five 3.2-cup plastic containers, not the glass Brilliance line. Confirm the piece count on the PDP.",2026-10-05,amazon,"Amazon PDP main image for ASIN B079M8FPTW, captured 2026-09-28.",https://m.media-amazon.com/images/I/81qikuKGJZL._AC_SL500_.jpg,"Rubbermaid Brilliance 3.2-Cup Tritan Containers, Set of 5",amazon,live
amazon-basics-mini-dutch-oven-2qt-amazon,Amazon Basics 2-Quart Pre-Seasoned Cast Iron Mini Dutch Oven,home,cookware,"A 2-quart pre-seasoned cast iron pot with a lid and two side handles, sized for a side dish.",Amazon,https://www.amazon.com/dp/B074DFMR8K,,31.44,Unpublished 2026-10-04: Amazon PDP showed $31.44 with no typical price above it. The $23.78 versus $27.99 typical-price deal had ended.,false,USD,under_50,"2-quart mini pot, not a full-size Dutch oven. Oven safe as stated on the PDP. Cast iron is heavy for the size.",2026-10-04,amazon,"Amazon PDP main image for ASIN B074DFMR8K, captured 2026-09-28.",https://m.media-amazon.com/images/I/71dTJI7Ye6L._AC_SL500_.jpg,Amazon Basics 2-Quart Pre-Seasoned Cast Iron Mini Dutch Oven,amazon,expired
amazon-basics-oversize-bath-towel-2pk-amazon,"Amazon Basics Quick-Dry Oversize Bath Towels, 2-Piece, Platinum",home,bath,"Two cotton bath towels, 54 by 30 inches, in platinum.",Amazon,https://www.amazon.com/dp/B07B6CHRF8,22.79,19.36,"sale vs typical price on merchant page (Amazon: $19.36, typical price $22.79)",true,USD,under_25,"Two-piece platinum set, 54 by 30 inches. Other colors are different ASINs.",2026-10-05,amazon,"Amazon PDP main image for ASIN B07B6CHRF8, captured 2026-09-28.",https://m.media-amazon.com/images/I/81gq2iKDiFL._AC_SL500_.jpg,"Amazon Basics Quick-Dry Oversize Bath Towels, 2-Piece, Platinum",amazon,live
amazon-basics-lr44-12pk-amazon,"Amazon Basics LR44 Alkaline Button Cell Batteries, 12-Pack",everyday,batteries,A 12-pack of LR44 button cells for small gadgets such as scales and remotes that take that size.,Amazon,https://www.amazon.com/dp/B08J4S2HGS,7.99,6.79,"sale vs typical price on merchant page (Amazon: $6.79, typical price $7.99)",true,USD,under_25,"LR44 button cells, 1.5 volt, 12-pack. Not a substitute for AA or AAA batteries.",2026-10-05,amazon,"Amazon PDP main image for ASIN B08J4S2HGS, captured 2026-09-28.",https://m.media-amazon.com/images/I/71MW5JmWO2L._AC_SL500_.jpg,"Amazon Basics LR44 Alkaline Button Cell Batteries, 12-Pack",amazon,live
tsa-30ml-travel-dispenser-4pk-amazon,"30ml Leak-Resistant Travel Dispenser Bottles, 4-Pack",travel,packing,"Four 30ml refillable bottles for a short trip, small enough to fit a liquids bag.",Amazon,https://www.amazon.com/dp/B0GK6PN8V4,11.99,5.99,"sale vs typical price on merchant page (Amazon: $5.99, typical price $11.99)",true,USD,under_25,"White 4-pack, about 30ml each. The PDP says the set is sized for a short trip under the TSA 3-1-1 liquid rule. The bottles are not a quart bag by themselves.",2026-10-05,amazon,"Amazon PDP main image for ASIN B0GK6PN8V4, captured 2026-09-28.",https://m.media-amazon.com/images/I/51eZ+SvIhPL._AC_SL500_.jpg,"30ml Leak-Resistant Travel Dispenser Bottles, 4-Pack",amazon,live
amazon-basics-21in-hardside-carry-on-amazon,"Amazon Basics 21-Inch Hardside Carry-On, Rose Gold",travel,packing,"A 21-inch hardside spinner carry-on with an expandable shell, in rose gold.",Amazon,https://www.amazon.com/dp/B0D95RMG9W,60.28,52.65,"sale vs typical price on merchant page (Amazon: $52.65, typical price $60.28)",true,USD,under_100,"Rose gold 21-inch hardside. Airline carry-on limits differ, and expanding the shell can push it over a strict sizer. Confirm dimensions with your airline.",2026-10-05,amazon,"Amazon PDP main image for ASIN B0D95RMG9W, captured 2026-09-28.",https://m.media-amazon.com/images/I/715LkyjYJtL._AC_SL500_.jpg,"Amazon Basics 21-Inch Hardside Carry-On, Rose Gold",amazon,live
european-type-c-plug-adapter-2pk-amazon,"European Type C Travel Plug Adapter, 2-Pack",travel,packing,A two-pack of Type C plug adapters for outlets used across much of Europe.,Amazon,https://www.amazon.com/dp/B0B3LZ5896,,18.99,price check only — no verified discount. Amazon PDP on 2026-10-05 showed $18.99 with no typical-price comparison. The earlier $14.92 deal is gone.,false,USD,under_25,Type C plug shape only. It does not convert voltage. Check the outlet type at your destination before you pack it.,2026-10-05,amazon,"Amazon PDP main image for ASIN B0B3LZ5896, captured 2026-09-28.",https://m.media-amazon.com/images/I/51xDIvr7yiL._AC_SL500_.jpg,"European Type C Travel Plug Adapter, 2-Pack",amazon,live
amazon-basics-toilet-paper-30-roll,"Amazon Basics 2-Ply Toilet Paper, 30 Rolls",everyday,household,"Thirty rolls of 2-ply, 350 sheets each on the listing, for a house that goes through toilet paper quickly.",Amazon,https://www.amazon.com/dp/B095CN96JS,25.21,21.41,"sale vs typical price on merchant page (Amazon: $21.41, typical price $25.21)",true,USD,under_25,"Listing says 30 rolls, 350 sheets each, and equates the pack to 185 regular rolls. Packaging may vary.",2026-10-05,amazon,"Amazon PDP main image for ASIN B095CN96JS, 30-roll toilet paper.",https://m.media-amazon.com/images/I/71OrNzZA+JL._AC_SL500_.jpg,"Amazon Basics 2-Ply Toilet Paper, 30 Rolls",amazon,live
amazon-basics-flex-sheets-paper-towels-12,"Amazon Basics Flex-Sheets Paper Towels, 12 Rolls",everyday,household,Twelve flex-sheet paper-towel rolls. The listing counts them as equal to about 40 regular rolls.,Amazon,https://www.amazon.com/dp/B09BWFX1L6,,22.86,price check only — no verified discount. Amazon PDP on 2026-10-05 showed $22.86 with no typical-price comparison. The earlier $19.41 deal is gone.,false,USD,under_25,"2-ply, 150 sheets per roll on the listing. Packaging may vary.",2026-10-05,amazon,Amazon PDP main image for ASIN B09BWFX1L6.,https://m.media-amazon.com/images/I/71v-pTar1AL._AC_SL500_.jpg,"Amazon Basics Flex-Sheets Paper Towels, 12 Rolls",amazon,live
amazon-basics-13gal-trash-bags-120,"Amazon Basics 13-Gallon Drawstring Trash Bags, 120 Count",everyday,household,"Unscented 13-gallon drawstring bags, 120 in the box, for a normal kitchen can.",Amazon,https://www.amazon.com/dp/B093X8QQ12,17.2,13.63,"sale vs typical price on merchant page (Amazon: $13.63, typical price $17.20)",true,USD,under_25,"Tall kitchen drawstring, unscented, 13 gallon, 120 count. Packaging may vary.",2026-10-05,amazon,Amazon PDP main image for ASIN B093X8QQ12.,https://m.media-amazon.com/images/I/61+Fx83MXyL._SL1500_.jpg,"Amazon Basics 13-Gallon Drawstring Trash Bags, 120 Count",amazon,live
amazon-elements-baby-wipes-810,"Amazon Elements Unscented Baby Wipes, 810 Count",everyday,household,"A case of 810 unscented wipes with aloe and vitamin E, packed in flip-top packs.",Amazon,https://www.amazon.com/dp/B07H53W5WP,20.45,19.11,"sale vs typical price on merchant page (Amazon: $19.11, typical price $20.45)",true,USD,under_25,"Unscented, alcohol-free, 810 count in flip-top packs. These are baby wipes, not a disinfectant.",2026-10-05,amazon,Amazon PDP main image for ASIN B07H53W5WP.,https://m.media-amazon.com/images/I/71gbIUpYmcL._SL1500_.jpg,"Amazon Elements Unscented Baby Wipes, 810 Count",amazon,live
happy-belly-house-blend-kcups-100,"Happy Belly House Blend Coffee Pods, 100 Count",everyday,grocery,One hundred medium-roast House Blend pods that the listing says work in Keurig 2.0 machines.,Amazon,https://www.amazon.com/dp/B07NXRRM1J,33.23,28.24,"sale vs typical price on merchant page (Amazon: $28.24, typical price $33.23)",true,USD,under_50,100 pods. Listing says compatible with Keurig 2.0 brewers. Packaging may vary.,2026-10-05,amazon,Amazon PDP main image for ASIN B07NXRRM1J.,https://m.media-amazon.com/images/I/71XqE4fOIsL._SL1500_.jpg,"Happy Belly House Blend Coffee Pods, 100 Count",amazon,live
amazon-fresh-colombia-whole-bean-32oz,"Amazon Fresh Colombia Whole Bean Coffee, 32 oz",everyday,grocery,A two-pound bag of medium-roast Colombia beans if you grind coffee at home.,Amazon,https://www.amazon.com/dp/B071WWCVJV,17.53,15.44,"sale vs typical price on merchant page (Amazon: $15.44, typical price $17.53)",true,USD,under_25,"32-ounce whole bean, not ground. One bag. 100% Arabica per the listing.",2026-10-05,amazon,Amazon PDP main image for ASIN B071WWCVJV.,https://m.media-amazon.com/images/I/7121M8H6isL._SL1500_.jpg,"Amazon Fresh Colombia Whole Bean Coffee, 32 oz",amazon,live
lodge-square-panini-press-amazon,Lodge Pre-Seasoned Cast Iron Square Panini Press,home,cookware,"A square pre-seasoned cast iron press, 8.32 inches, for paninis on the stovetop.",Amazon,https://www.amazon.com/dp/B0039UU9TU,26.98,22.9,"sale vs typical price on merchant page (Amazon: $22.90, typical price $26.98)",true,USD,under_25,"Pre-seasoned cast iron, 8.32-inch square press. Other Lodge skillets are different listings.",2026-10-05,amazon,Amazon PDP main image for ASIN B0039UU9TU.,https://m.media-amazon.com/images/I/71eHqa74ipL._AC_SL500_.jpg,Lodge Pre-Seasoned Cast Iron Square Panini Press,amazon,live
gourmia-6qt-window-air-fryer-target,"Gourmia 6 qt Digital Window Air Fryer, Black",home,appliances,A 6-quart Gourmia air fryer with a window in the basket and 12 one-touch presets.,Target,https://www.target.com/p/gourmia-6-qt-digital-window-air-fryer-with-12-presets-38-guided-cooking-black/-/A-89110863,69.99,59.99,"sale vs list on merchant page (Target: $59.99 sale, reg $69.99)",true,USD,under_100,"Sale price is Target's reg-versus-sale figure for store 3991 on 2026-09-29. Local and online prices can differ. 6-quart, black, TCIN 89110863.",2026-09-29,impact,Target Scene7 primary image for TCIN 89110863.,https://target.scene7.com/is/image/Target/GUEST_33d23cc1-0d51-43b8-9152-e1be3be14ed2?wid=600&hei=600&qlt=85,"Gourmia 6 qt Digital Window Air Fryer, Black",target,live
anker-20000mah-45w-power-bank-amazon,"Anker 20,000mAh 45W Power Bank with Built-in USB-C Cables",travel,electronics,"Anker's 20,000mAh pack with two USB-C cables built in and a 45W top output, for a phone and a laptop on the same trip.",Amazon,https://www.amazon.com/dp/B0DSZKKJTK,,49.99,Unpublished 2026-10-05: Amazon PDP for B0DSZKKJTK showed $49.99 with no typical price above it. The $41.99 versus $49.99 typical-price deal had ended.,false,USD,under_50,"20,000mAh with two built-in USB-C cables. Spare lithium batteries belong in carry-on; check the airline's watt-hour limit before you fly.",2026-10-05,amazon,Amazon PDP main image for ASIN B0DSZKKJTK.,https://m.media-amazon.com/images/I/71iQIOCsEzL._AC_SL500_.jpg,"Anker 20,000mAh 45W Power Bank with Built-in USB-C Cables",amazon,expired
amazon-essentials-compression-packing-cubes-6pk,"Amazon Essentials Ultralight Compression Packing Cubes, 6-Pack",travel,packing,"Six black compression cubes with two zippers each, for squeezing clothes into a carry-on.",Amazon,https://www.amazon.com/dp/B0DRNGLGFB,24.09,20.48,"sale vs typical price on merchant page (Amazon: $20.48, typical price $24.09)",true,USD,under_25,"Six-pack, black, recycled fabric per the listing. Different from the Amazon Basics 4-piece packing-cube set.",2026-10-05,amazon,Amazon PDP main image for ASIN B0DRNGLGFB.,https://m.media-amazon.com/images/I/61gYV84L2zL._AC_SL500_.jpg,"Amazon Essentials Ultralight Compression Packing Cubes, 6-Pack",amazon,live
community-coffee-breakfast-blend-12oz,"Community Coffee Breakfast Blend Ground Coffee, 12 oz",everyday,grocery,"A 12-ounce bag of Community's medium-roast Breakfast Blend, ground for drip, pour-over, or a French press.",Amazon,https://www.amazon.com/dp/B00EC8EVG0,8.97,5.04,Unpublished 2026-10-01: Amazon PDP for B00EC8EVG0 had no featured-offer selling price.,false,USD,under_25,Unpublished 2026-10-01: the Community Coffee Breakfast Blend 12 oz page (ASIN B00EC8EVG0) showed no featured offer and no selling price. Prior $5.04 price was not reconfirmed.,2026-10-02,amazon,"Amazon PDP main image for ASIN B00EC8EVG0, captured 2026-09-30.",https://m.media-amazon.com/images/I/71fXSRJ1ujL._SL1500_.jpg,"Community Coffee Breakfast Blend Ground Coffee, 12 oz",amazon,expired
amazon-fresh-french-vanilla-kcups-80,"Amazon Fresh French Vanilla Coffee Pods, 80 Count",everyday,grocery,"Eighty Amazon Fresh French vanilla pods, medium roast, for a Keurig-style brewer.",Amazon,https://www.amazon.com/dp/B07BF1HHTQ,32.19,23.22,"sale vs typical price on merchant page (Amazon: $23.22, typical price $32.19)",true,USD,under_25,"80 single-serve pods. Listing says they work in Keurig brewers and are roasted in the U.S. This is flavored coffee, not a plain roast.",2026-10-05,amazon,"Amazon PDP main image for ASIN B07BF1HHTQ, captured 2026-09-30.",https://m.media-amazon.com/images/I/81nkHuR1+4L._SL1500_.jpg,"Amazon Fresh French Vanilla Coffee Pods, 80 Count",amazon,live
amazon-basics-lotion-facial-tissues-18pk,"Amazon Basics Lotion Facial Tissues, 18 Boxes",everyday,household,"Eighteen cube boxes of 2-ply lotion tissues, 75 sheets in each box.",Amazon,https://www.amazon.com/dp/B09BXT3J9Z,,27.7,Unpublished 2026-10-05: Amazon PDP for B09BXT3J9Z showed $27.70 with no typical price above it. The $20.05 versus $27.70 typical-price deal had ended.,false,USD,under_25,"1,350 tissues total (18 boxes of 75). 2-ply with lotion. Cube colors and packaging may vary.",2026-10-05,amazon,"Amazon PDP main image for ASIN B09BXT3J9Z, captured 2026-09-30.",https://m.media-amazon.com/images/I/719diQ+ix6L._AC_SL500_.jpg,"Amazon Basics Lotion Facial Tissues, 18 Boxes",amazon,expired
amazon-basics-gallon-food-bags-120,"Amazon Basics Gallon Food Storage Bags, 120 Count",everyday,food-storage,A 120-count box of gallon food bags with a double zipper and a base that stands up.,Amazon,https://www.amazon.com/dp/B093WMWKBP,8.17,6.5,"sale vs typical price on merchant page (Amazon: $6.50, typical price $8.17)",true,USD,under_25,"120 bags. Listing says each holds 1 gallon, is BPA-free, and measures about 10 9/16 x 3 x 9 1/4 inches inside.",2026-10-05,amazon,"Amazon PDP main image for ASIN B093WMWKBP, captured 2026-09-30.",https://m.media-amazon.com/images/I/71luLBOr8dL._AC_SL500_.jpg,"Amazon Basics Gallon Food Storage Bags, 120 Count",amazon,live
amazon-basics-disinfecting-wipes-255,"Amazon Basics Disinfecting Wipes, 255 Count",everyday,cleaning,"Three canisters of Amazon Basics disinfecting wipes, 85 sheets each, in lemon and fresh scents.",Amazon,https://www.amazon.com/dp/B07F246YG1,11.09,9.41,"sale vs typical price on merchant page (Amazon: $9.41, typical price $11.09)",true,USD,under_25,"The listing ships two lemon canisters and one fresh-scent canister, 255 wipes total. It says to skip unpainted wood, natural marble, and brass. Packaging may vary.",2026-10-05,amazon,"Amazon PDP main image for ASIN B07F246YG1, captured 2026-09-30.",https://m.media-amazon.com/images/I/71HKpJPcVML._AC_SL500_.jpg,"Amazon Basics Disinfecting Wipes, 255 Count",amazon,live
zojirushi-micom-3cup-rice-cooker-amazon,Zojirushi Micom 3-Cup Rice Cooker,home,appliances,"Zojirushi's compact 3-cup Micom rice cooker, with a stainless body and a cord that pulls back into the base.",Amazon,https://www.amazon.com/dp/B01EVHWNVG,189.77,121.49,"sale vs typical price on merchant page (Amazon: $121.49, typical price $189.77)",true,USD,other,"3-cup Micom cooker. The listing says it can cook as little as 1/2 cup of rice or oats, and it has a retractable cord plus a fold-down handle. Too small for a big family batch.",2026-10-05,amazon,"Amazon PDP main image for ASIN B01EVHWNVG, captured 2026-09-30.",https://m.media-amazon.com/images/I/61dNySbeVWL._AC_SL500_.jpg,Zojirushi Micom 3-Cup Rice Cooker,amazon,live
crock-pot-7qt-manual-slow-cooker-amazon,"Crock-Pot 7-Quart Manual Slow Cooker, Charcoal",home,appliances,"A charcoal 7-quart Crock-Pot with high, low, and warm. The listing sizes it for a 6-pound roast.",Amazon,https://www.amazon.com/dp/B00HDE4PYS,42.99,36.53,"sale vs typical price on merchant page (Amazon: $36.53, typical price $42.99)",true,USD,under_50,"Manual cooker, not a programmable timer. Color on this ASIN is charcoal. Lid and stoneware are listed as dishwasher-safe.",2026-10-05,amazon,"Amazon PDP main image for ASIN B00HDE4PYS, captured 2026-09-30.",https://m.media-amazon.com/images/I/91Efej53gdL._AC_SL500_.jpg,"Crock-Pot 7-Quart Manual Slow Cooker, Charcoal",amazon,live
shark-navigator-lift-away-nv352-amazon,"Shark Navigator Lift-Away Upright Vacuum, NV352",home,cleaning-tools,"Shark Navigator Lift-Away upright, model NV352 in lavender, with a pod that comes off for stairs and upholstery.",Amazon,https://www.amazon.com/dp/B004Q4DRJW,179.99,129.99,"sale vs typical price on merchant page (Amazon: $129.99, typical price $179.99)",true,USD,other,Model NV352. The listing describes a HEPA filter and pet-hair tools. Other Navigator colors are different ASINs.,2026-10-05,amazon,"Amazon PDP main image for ASIN B004Q4DRJW, captured 2026-09-30.",https://m.media-amazon.com/images/I/61FHRTjiT3L._AC_SL500_.jpg,"Shark Navigator Lift-Away Upright Vacuum, NV352",amazon,live
amazon-basics-23in-checked-luggage-amazon,"Amazon Basics 23-Inch Checked Softside Luggage, Black",travel,packing,A black 23-inch softside checked suitcase with spinner wheels and a shell that expands.,Amazon,https://www.amazon.com/dp/B072F91DNR,,68.08,"Unpublished 2026-10-02: Amazon PDP for B072F91DNR showed $68.08 with no typical price above it. The earlier deal price was not on the page, so this stays off the live catalog.",false,USD,under_100,"Unpublished 2026-10-02: the 23-inch Amazon Basics softside checked suitcase (ASIN B072F91DNR) is in stock again at $68.08, with no typical-price comparison. It stays unpublished until a list-versus-sale shows on the product page.",2026-10-02,amazon,"Amazon PDP main image for ASIN B072F91DNR, captured 2026-09-30.",https://m.media-amazon.com/images/I/61sEzWbF5YL._AC_SL500_.jpg,"Amazon Basics 23-Inch Checked Softside Luggage, Black",amazon,expired
stouchi-rfid-passport-holder-amazon,Stouchi Passport Holder with AirTag Slot,travel,luggage-accessories,"A slim Stouchi passport holder with an AirTag slot and RFID-blocking material, according to the listing.",Amazon,https://www.amazon.com/dp/B0C7CDFQ81,,15.99,price check only — no verified discount. Amazon PDP on 2026-10-05 showed $15.99 with no typical-price comparison. The earlier $12.95 deal is gone.,false,USD,under_25,"Listing describes an AirTag slot and RFID blocking, and says it holds a passport, cards, and boarding passes. It does not say a tracker is included.",2026-10-05,amazon,"Amazon PDP main image for ASIN B0C7CDFQ81, captured 2026-09-30.",https://m.media-amazon.com/images/I/71TH9TmCzWL._AC_SL500_.jpg,Stouchi Passport Holder with AirTag Slot,amazon,live
bissell-cleanview-rewind-pet-3534-amazon,"Bissell CleanView Rewind Pet Bagless Vacuum, 3534",home,cleaning-tools,"Bissell CleanView Rewind Pet, model 3534, is a bagless upright with a 25-foot cord that rewinds and a wand the listing says reaches about 10 feet.",Amazon,https://www.amazon.com/dp/B0BFJP4BDM,,149.0,Unpublished 2026-10-03: Amazon PDP for B0BFJP4BDM showed $149.00 with no typical price above it. The earlier $89.99 typical-price deal had ended.,false,USD,other,"Model 3534. Bagless upright. The listing describes a 25-foot rewind cord, a wand that reaches about 10 feet, and a TurboBrush for pet hair on stairs and upholstery. Other CleanView models are different ASINs.",2026-10-03,amazon,"Amazon PDP main image for ASIN B0BFJP4BDM, captured 2026-10-01.",https://m.media-amazon.com/images/I/71qgStRusIL._AC_SL500_.jpg,"Bissell CleanView Rewind Pet Bagless Vacuum, 3534",amazon,expired
kitchenaid-classic-can-opener-empire-red-amazon,"KitchenAid Classic Can Opener with Bottle Opener, Empire Red",home,kitchen-tools,"KitchenAid's Empire Red Classic can opener, with a stainless cutting wheel and a bottle opener on the same tool.",Amazon,https://www.amazon.com/dp/B07YP1TB6P,,14.99,Unpublished 2026-10-05: Amazon PDP for B07YP1TB6P showed $14.99 with no typical price above it. The $12.74 versus $14.99 typical-price deal had ended.,false,USD,under_25,"Empire Red. The listing includes a stainless cutting wheel, an oversized turning knob, and a built-in bottle opener. Other colors are different ASINs.",2026-10-05,amazon,"Amazon PDP main image for ASIN B07YP1TB6P, captured 2026-10-01.",https://m.media-amazon.com/images/I/613jvH9+M9L._AC_SL500_.jpg,"KitchenAid Classic Can Opener with Bottle Opener, Empire Red",amazon,expired
nescafe-tasters-choice-house-blend-2-jars-amazon,"NESCAFÉ Taster's Choice House Blend Instant Coffee, 2 Jars",everyday,grocery,"Two 7-ounce jars of NESCAFÉ Taster's Choice House Blend instant coffee, a light-to-medium roast.",Amazon,https://www.amazon.com/dp/B01FDLA52I,26.96,18.99,"sale vs typical price on merchant page (Amazon: $18.99, typical price $26.96)",true,USD,under_25,"Two 7 oz jars of instant coffee, not pods. The listing says 1 teaspoon in 6 ounces of hot water makes a cup, and that the two jars make up to 210 cups prepared that way.",2026-10-05,amazon,"Amazon PDP main image for ASIN B01FDLA52I, captured 2026-10-01.",https://m.media-amazon.com/images/I/912ewjn64rL._SL1500_.jpg,"NESCAFÉ Taster's Choice House Blend Instant Coffee, 2 Jars",amazon,live
lavazza-house-blend-perfetto-12oz-amazon,"Lavazza House Blend Perfetto Ground Coffee, 12 oz",everyday,grocery,"A 12-ounce bag of Lavazza House Blend Perfetto ground coffee, medium roast, for a drip brewer.",Amazon,https://www.amazon.com/dp/B00PQKRVFG,7.97,6.17,"sale vs typical price on merchant page (Amazon: $6.17, typical price $7.97)",true,USD,under_25,"One 12 oz bag. Ground, medium roast, intensity 3/5, 100% Arabica, listed for drip brewers. Packaging may vary.",2026-10-05,amazon,"Amazon PDP main image for ASIN B00PQKRVFG, captured 2026-10-01.",https://m.media-amazon.com/images/I/61-amoVHDIL._SL1500_.jpg,"Lavazza House Blend Perfetto Ground Coffee, 12 oz",amazon,live
amazon-basics-26in-hardside-checked-luggage-amazon,"Amazon Basics 26-Inch Hardside Checked Luggage, Orange",travel,packing,"An orange 26-inch Amazon Basics hardside checked suitcase. The listing measures it at 17.8 x 11.3 x 26.8 inches with the wheels, and says it expands about 15%.",Amazon,https://www.amazon.com/dp/B071VG5HKQ,76.34,61.25,"sale vs typical price on merchant page (Amazon: $61.25, typical price $76.34)",true,USD,under_100,"Orange. Medium checked size, 17.8 x 11.3 x 26.8 inches including wheels, expansion up to 15%. Four spinner wheels. Airline fees vary. Different from the 23-inch softside Amazon Basics suitcase.",2026-10-05,amazon,"Amazon PDP main image for ASIN B071VG5HKQ, captured 2026-10-01.",https://m.media-amazon.com/images/I/6149iPwBS0L._AC_SL500_.jpg,"Amazon Basics 26-Inch Hardside Checked Luggage, Orange",amazon,live
bagsmart-toiletry-bag-black-amazon,"BAGSMART Travel Toiletry Bag, Black",travel,luggage-accessories,"A black BAGSMART toiletry bag, listed at about 11.8 by 7.3 by 8.7 inches, with four compartments and a waterproof pocket.",Amazon,https://www.amazon.com/dp/B0CKYYDHLS,23.99,19.19,"sale vs typical price on merchant page (Amazon: $19.19, typical price $23.99)",true,USD,under_25,"Black. Listing size is 11.8 x 7.3 x 8.73 inches, with four compartments and a waterproof PVC pocket. Not a clear TSA liquids bag.",2026-10-05,amazon,"Amazon PDP main image for ASIN B0CKYYDHLS, captured 2026-10-01.",https://m.media-amazon.com/images/I/61DtJR4vcqL._AC_SL500_.jpg,"BAGSMART Travel Toiletry Bag, Black",amazon,live
swissgear-sion-softside-checked-luggage-amazon,"SwissGear Sion Softside Expandable Spinner, Dark Grey",travel,packing,"SwissGear's dark grey Sion softside spinner, a medium checked bag. The listing puts the outside size, wheels included, at about 26.25 x 16.75 x 11 inches.",Amazon,https://www.amazon.com/dp/B014TDH23G,145.0,123.24,"sale vs typical price on merchant page (Amazon: $123.24, typical price $145.00)",true,USD,other,"Dark grey, checked-medium. Listing packing size is about 25 x 16.5 x 10.5 inches, and the outside size including wheels and handle is about 26.25 x 16.75 x 11 inches. The listing mentions a 10-year warranty and an expansion zipper. Airline fees vary.",2026-10-05,amazon,"Amazon PDP main image for ASIN B014TDH23G, captured 2026-10-01.",https://m.media-amazon.com/images/I/81F5vd8vFAL._AC_SL500_.jpg,"SwissGear Sion Softside Expandable Spinner, Dark Grey",amazon,live
wrangler-astral-20in-carry-on-hydro-amazon,"Wrangler Astral 20-Inch Hardside Carry-On, Hydro",travel,luggage,"A 20-inch Wrangler Astral hardside carry-on in Hydro, with four spinner wheels and a combination lock.",Amazon,https://www.amazon.com/dp/B0CBNM82TQ,,59.0,Unpublished 2026-10-05: Amazon PDP for B0CBNM82TQ showed $59.00 with no typical price above it. The $33.59 versus $48.00 typical-price deal had ended.,false,USD,under_50,"This ASIN is the Hydro color. The listing describes a hardside shell, four spinner wheels, a combination lock, and top and side handles. Other colors are different ASINs. Measure it against your airline's carry-on limit before a flight.",2026-10-05,amazon,"Amazon PDP main image for ASIN B0CBNM82TQ, captured 2026-10-02.",https://m.media-amazon.com/images/I/81SFT8pFOqL._AC_SL500_.jpg,"Wrangler Astral 20-Inch Hardside Carry-On, Hydro",amazon,expired
zinus-12in-green-tea-king-mattress-amazon,"Zinus 12-Inch Green Tea Memory Foam Mattress, King",home,bedding,"A king-size, 12-inch Zinus memory foam mattress that shows up compressed in one box.",Amazon,https://www.amazon.com/dp/B0CKZ1CK1H,359.99,264.0,"sale vs typical price on merchant page (Amazon: $264.00, typical price $359.99)",true,USD,other,"King, listed at 80 x 76 x 12 inches, medium firm. The page says to give the foam 24 to 72 hours to expand, rates non-twin sizes to 500 pounds, and notes CertiPUR-US foam plus a 10-year limited warranty. White cover.",2026-10-05,amazon,"Amazon PDP main image for ASIN B0CKZ1CK1H, captured 2026-10-02.",https://m.media-amazon.com/images/I/81IC7kPsCNL._AC_SL500_.jpg,"Zinus 12-Inch Green Tea Memory Foam Mattress, King",amazon,live
yankee-candle-spiced-pumpkin-22oz-amazon,"Yankee Candle Spiced Pumpkin, 22 oz Large Jar",home,home-fragrance,"Yankee Candle's Spiced Pumpkin in the 22-ounce jar, a pumpkin scent with cinnamon, nutmeg, and clove.",Amazon,https://www.amazon.com/dp/B0F3DRTCB2,19.97,16.11,"sale vs typical price on merchant page (Amazon: $16.11, typical price $19.97)",true,USD,under_25,"22 oz large jar. The listing says the burn time is up to 150 hours, the wax is a plant blend, and the candle is made in the USA with materials sourced globally.",2026-10-05,amazon,"Amazon PDP main image for ASIN B0F3DRTCB2, captured 2026-10-02.",https://m.media-amazon.com/images/I/71fOZVsj4XL._AC_SL500_.jpg,"Yankee Candle Spiced Pumpkin, 22 oz Large Jar",amazon,live
amazon-basics-gel-odor-eliminator-lavender-amazon,"Amazon Basics Gel Odor Eliminator, Lavender, 17 oz",home,household,A single 17-ounce tub of Amazon Basics lavender gel odor eliminator with activated charcoal.,Amazon,https://www.amazon.com/dp/B09B1QWDCY,5.39,4.33,"sale vs typical price on merchant page (Amazon: $4.33, typical price $5.39)",true,USD,under_25,"One 17 oz tub, lavender, with activated charcoal. Other scents and multi-packs are different ASINs.",2026-10-05,amazon,"Amazon PDP main image for ASIN B09B1QWDCY, captured 2026-10-02.",https://m.media-amazon.com/images/I/71SXXxbYsOL._AC_SL500_.jpg,"Amazon Basics Gel Odor Eliminator, Lavender, 17 oz",amazon,live
oxiclean-max-force-spray-3pk-amazon,"OxiClean Max Force Laundry Stain Spray, 12 oz, 3-Pack",everyday,laundry,"Three 12-ounce bottles of OxiClean Max Force, a bleach-free spray for set-in laundry stains.",Amazon,https://www.amazon.com/dp/B0BVY2XKJX,12.57,6.65,Unpublished 2026-10-04: Amazon PDP for B0BVY2XKJX had no featured selling price (See All Buying Options). The $6.65 versus $12.57 typical-price deal is no longer on the product page.,false,USD,under_25,"Pack of three, 12 fl oz each. The listing says it is color-safe, has no chlorine bleach, and can be sprayed and left for up to 7 days before washing. Read the garment tag first.",2026-10-04,amazon,"Amazon PDP main image for ASIN B0BVY2XKJX, captured 2026-10-02.",https://m.media-amazon.com/images/I/81QfBF2rrzL._AC_SL500_.jpg,"OxiClean Max Force Laundry Stain Spray, 12 oz, 3-Pack",amazon,expired
arm-hammer-oxiclean-laundry-paks-72-amazon,"ARM & HAMMER Plus OxiClean Laundry Detergent Paks, 72 Count",everyday,laundry,"A 72-count bag of ARM & HAMMER Plus OxiClean detergent paks, scented Fresh Burst.",Amazon,https://www.amazon.com/dp/B0FNBTCFPY,14.37,9.72,"sale vs typical price on merchant page (Amazon: $9.72, typical price $14.37)",true,USD,under_25,"One bag, 72 pre-measured paks. The listing says they are for HE washers and combine detergent with OxiClean and an odor treatment. Scent is Fresh Burst.",2026-10-05,amazon,"Amazon PDP main image for ASIN B0FNBTCFPY, captured 2026-10-02.",https://m.media-amazon.com/images/I/81foaCvXpXL._AC_SL500_.jpg,"ARM & HAMMER Plus OxiClean Laundry Detergent Paks, 72 Count",amazon,live
happy-belly-colombian-kcups-24-amazon,"Happy Belly Colombian Coffee Pods, Medium Roast, 24 Count",everyday,grocery,"Twenty-four Happy Belly Colombian pods, medium roast, for a Keurig-style machine.",Amazon,https://www.amazon.com/dp/B07NYQNBLH,,8.48,Unpublished 2026-10-03: Amazon PDP for B07NYQNBLH showed $8.48 with no typical price above it. The $5.17 typical-price deal from 2026-10-02 had ended.,false,USD,under_25,"24 pods, not the 100-count boxes already in the catalog. Medium roast, caffeinated, 100% Arabica. The listing says packaging may vary and the pods fit 1.0 and 2.0 K-Cup brewers.",2026-10-03,amazon,"Amazon PDP main image for ASIN B07NYQNBLH, captured 2026-10-02.",https://m.media-amazon.com/images/I/71TWB9d9JoL._AC_SL500_.jpg,"Happy Belly Colombian Coffee Pods, Medium Roast, 24 Count",amazon,expired
lavazza-dolcevita-classico-kcups-88-amazon,"Lavazza Dolcevita Classico K-Cup Pods, 88 Count",everyday,grocery,"An 88-count box of Lavazza Dolcevita Classico pods, sold as four packs of 22.",Amazon,https://www.amazon.com/dp/B0BFFPLLD5,50.58,35.99,"sale vs typical price on merchant page (Amazon: $35.99, typical price $50.58)",true,USD,under_50,"88 medium-roast, caffeinated pods (4 packs of 22). The listing says the coffee is Orthodox Union kosher. For Keurig-style brewers.",2026-10-05,amazon,"Amazon PDP main image for ASIN B0BFFPLLD5, captured 2026-10-02.",https://m.media-amazon.com/images/I/71SOs8Dae9L._AC_SL500_.jpg,"Lavazza Dolcevita Classico K-Cup Pods, 88 Count",amazon,live
la-colombe-triple-draft-latte-12pk-amazon,"La Colombe Triple Draft Latte, 11 fl oz, 12-Pack",everyday,grocery,"A 12-pack of La Colombe Triple Draft Latte in 11-ounce cans, ready to drink.",Amazon,https://www.amazon.com/dp/B0CVSK3PDP,32.16,20.19,Unpublished 2026-10-04: Amazon PDP for B0CVSK3PDP had no featured selling price (See All Buying Options). The $20.19 versus $32.16 typical-price deal is no longer on the product page.,false,USD,under_25,"Twelve 11 fl oz cans. This is a canned latte, not ground coffee or pods. The listing name is Triple Draft Latte.",2026-10-04,amazon,"Amazon PDP main image for ASIN B0CVSK3PDP, captured 2026-10-02.",https://m.media-amazon.com/images/I/71OEPuQgRKL._AC_SL500_.jpg,"La Colombe Triple Draft Latte, 11 fl oz, 12-Pack",amazon,expired
calphalon-classic-stainless-10pc-amazon,"Calphalon Classic Stainless Steel Cookware Set, 10-Piece",home,cookware,"Ten pieces of Calphalon Classic stainless, with an impact-bonded aluminum base and glass lids.",Amazon,https://www.amazon.com/dp/B00HQWONBW,199.99,126.34,"sale vs typical price on merchant page (Amazon: $126.34, typical price $199.99)",true,USD,other,"10-piece stainless set. The listing says the aluminum base is impact-bonded, the lids are tempered glass, the handles stay cool on the stovetop, and the pieces are oven-safe to 450°F, dishwasher-safe, and compatible with induction, gas, electric, and glass. Added 2026-10-03. Amazon does not post an end date for the 90-day typical price.",2026-10-05,amazon,"Amazon PDP main image for ASIN B00HQWONBW, captured 2026-10-03.",https://m.media-amazon.com/images/I/71nRS2kHHtL._AC_SL500_.jpg,"Calphalon Classic Stainless Steel Cookware Set, 10-Piece",amazon,live
rachael-ray-cucina-12pc-purple-amazon,"Rachael Ray Cucina Nonstick Cookware Set, 12-Piece, Purple",home,cookware,"Rachael Ray's Cucina nonstick set, 12 pieces, in purple.",Amazon,https://www.amazon.com/dp/B00UD6YKES,179.99,99.99,"sale vs typical price on merchant page (Amazon: $99.99, typical price $179.99)",true,USD,under_100,Purple 12-piece nonstick set. Confirm the piece list on the product page before checkout. Added 2026-10-03. Amazon does not post an end date for the 90-day typical price.,2026-10-05,amazon,"Amazon PDP main image for ASIN B00UD6YKES, captured 2026-10-03.",https://m.media-amazon.com/images/I/71DKtcRP1CL._AC_SL500_.jpg,"Rachael Ray Cucina Nonstick Cookware Set, 12-Piece, Purple",amazon,live
green-mountain-dark-magic-kcups-72-amazon,"Green Mountain Dark Magic K-Cup Pods, Dark Roast, 72 Count",everyday,grocery,"A 72-count box of Green Mountain Dark Magic K-Cups, dark roast.",Amazon,https://www.amazon.com/dp/B00I5FWWPI,40.08,32.06,"sale vs typical price on merchant page (Amazon: $32.06, typical price $40.08)",true,USD,under_50,"72 pods. The listing says they are a caffeinated dark roast made with 100% Arabica, Orthodox Union Kosher, and compatible with Keurig K-Cup brewers. It also says the pods may not be in the original packaging. Recyclable pods still depend on local recycling. Added 2026-10-03. Amazon does not post an end date for the 90-day typical price.",2026-10-05,amazon,"Amazon PDP main image for ASIN B00I5FWWPI, captured 2026-10-03.",https://m.media-amazon.com/images/I/81sSaRukNCL._AC_SL500_.jpg,"Green Mountain Dark Magic K-Cup Pods, Dark Roast, 72 Count",amazon,live
peets-major-dickasons-whole-bean-18oz-amazon,"Peet's Major Dickason's Blend Whole Bean Coffee, 18 oz",everyday,grocery,"Peet's Major Dickason's Blend, whole bean, in an 18-ounce bag.",Amazon,https://www.amazon.com/dp/B087K8DC6X,16.86,13.15,"sale vs typical price on merchant page (Amazon: $13.15, typical price $16.86)",true,USD,under_25,"One 18 oz bag, whole bean, dark roast, 100% Arabica. Added 2026-10-03. Amazon does not post an end date for the 90-day typical price.",2026-10-05,amazon,"Amazon PDP main image for ASIN B087K8DC6X, captured 2026-10-03.",https://m.media-amazon.com/images/I/71gqn7VsvJL._AC_SL500_.jpg,"Peet's Major Dickason's Blend Whole Bean Coffee, 18 oz",amazon,live
happy-belly-french-roast-kcups-24-amazon,"Happy Belly French Roast Coffee Pods, Dark Roast, 24 Count",everyday,grocery,Twenty-four Happy Belly French Roast pods if you want a dark cup without the 100-count box.,Amazon,https://www.amazon.com/dp/B07NZTX69L,8.88,7.98,"sale vs typical price on merchant page (Amazon: $7.98, typical price $8.88)",true,USD,under_25,"24 pods, dark roast, 100% Arabica. The listing says packaging may vary and the pods fit 1.0 and 2.0 K-Cup brewers. This is not the 100-count Happy Belly box already in the catalog. Added 2026-10-03. Amazon does not post an end date for the 90-day typical price.",2026-10-05,amazon,"Amazon PDP main image for ASIN B07NZTX69L, captured 2026-10-03.",https://m.media-amazon.com/images/I/716VgFP0ZvL._AC_SL500_.jpg,"Happy Belly French Roast Coffee Pods, Dark Roast, 24 Count",amazon,live
caribou-blend-kcups-96-amazon,"Caribou Coffee Caribou Blend K-Cup Pods, Medium Roast, 96 Count",everyday,grocery,"Caribou Blend K-Cup pods, medium roast, in a 96-count box.",Amazon,https://www.amazon.com/dp/B07GNZZ25C,51.18,40.94,"sale vs typical price on merchant page (Amazon: $40.94, typical price $51.18)",true,USD,under_50,"96 pods. The listing says this is a caffeinated medium roast, Rainforest Alliance Certified and Orthodox Union Kosher, and compatible with Keurig brewers. Added 2026-10-03. Amazon does not post an end date for the 90-day typical price.",2026-10-05,amazon,"Amazon PDP main image for ASIN B07GNZZ25C, captured 2026-10-03.",https://m.media-amazon.com/images/I/81tm1HInD9L._AC_SL500_.jpg,"Caribou Coffee Caribou Blend K-Cup Pods, Medium Roast, 96 Count",amazon,live
dr-pepper-zero-sugar-12pk-amazon,"Dr Pepper Zero Sugar, 12 fl oz, 12-Pack",everyday,grocery,Twelve 12-ounce cans of Dr Pepper Zero Sugar.,Amazon,https://www.amazon.com/dp/B08XXGB5NK,,6.46,Unpublished 2026-10-04: Amazon PDP showed $6.46 with no typical price above it. The $5.49 versus $7.97 typical-price deal had ended.,false,USD,under_25,"Twelve 12 fl oz cans. This is Zero Sugar, not original Dr Pepper. Added 2026-10-03. Amazon does not post an end date for the 90-day typical price.",2026-10-04,amazon,"Amazon PDP main image for ASIN B08XXGB5NK, captured 2026-10-03.",https://m.media-amazon.com/images/I/8133rSLiljL._AC_SL500_.jpg,"Dr Pepper Zero Sugar, 12 fl oz, 12-Pack",amazon,expired
vitamix-5200-blender-white-amazon,"Vitamix 5200 Blender, 64 oz, White",home,small-appliances,"Vitamix's 5200 in white, with a 64-ounce container, a tamper, and 10 speeds plus a high setting.",Amazon,https://www.amazon.com/dp/B004F9L4EI,499.95,349.95,"sale vs typical price on merchant page (Amazon: $349.95, typical price $499.95)",true,USD,other,"White 5200. The listing includes the motor base, 64-ounce classic container, and tamper, and it says the container is BPA-free, the motor is 2 HP, and the warranty is a 7-year limited warranty. Added 2026-10-04. Amazon does not post an end date for the 90-day typical price.",2026-10-05,amazon,"Amazon PDP main image for ASIN B004F9L4EI, captured 2026-10-04.",https://m.media-amazon.com/images/I/71SwPHuwR-L._AC_SL500_.jpg,"Vitamix 5200 Blender, 64 oz, White",amazon,live
pfaltzgraff-kenna-red-16pc-amazon,Pfaltzgraff Kenna Red 16-Piece Dinnerware Set,home,dinnerware,"A 16-piece Kenna Red set for four, with dinner plates, salad plates, bowls, and mugs.",Amazon,https://www.amazon.com/dp/B01J7H34M2,79.99,37.47,"sale vs typical price on merchant page (Amazon: $37.47, typical price $79.99)",true,USD,under_50,"Service for four: four 10-1/2 inch dinner plates, four 8 inch salad plates, four 5-1/2 inch (17 oz) bowls, and four 14 oz mugs. The product title says porcelain and a feature line says stoneware, so check the material on the page. The feature list says the set is dishwasher and microwave safe. Added 2026-10-04. Amazon does not post an end date for the 90-day typical price.",2026-10-05,amazon,"Amazon PDP main image for ASIN B01J7H34M2, captured 2026-10-04.",https://m.media-amazon.com/images/I/61X8CZAGaQL._AC_SL500_.jpg,Pfaltzgraff Kenna Red 16-Piece Dinnerware Set,amazon,live
chicago-metallic-round-cake-pan-3pc-amazon,"Chicago Metallic Professional Round Cake Pan Set, 3-Piece",home,bakeware,"Three Chicago Metallic round cake pans, in 6-, 8-, and 10-inch sizes, in nonstick aluminized steel.",Amazon,https://www.amazon.com/dp/B07JWKDW8Z,18.1,10.59,"sale vs typical price on merchant page (Amazon: $10.59, typical price $18.10)",true,USD,under_25,"The set is 6 inch, 8 inch, and 10 inch rounds. The listing says the pans are aluminized steel with a nonstick coating, dishwasher safe, and better kept by hand washing. Added 2026-10-04. Amazon does not post an end date for the 90-day typical price.",2026-10-05,amazon,"Amazon PDP main image for ASIN B07JWKDW8Z, captured 2026-10-04.",https://m.media-amazon.com/images/I/61h7pBlKb7L._AC_SL500_.jpg,"Chicago Metallic Professional Round Cake Pan Set, 3-Piece",amazon,live
chicago-metallic-6cup-muffin-pan-amazon,Chicago Metallic Professional 6-Cup Muffin Pan,home,bakeware,"A Chicago Metallic 6-cup jumbo muffin pan in carbon steel, with cups about 3.75 by 1.75 inches.",Amazon,https://www.amazon.com/dp/B003YKGRDM,18.55,12.99,"sale vs typical price on merchant page (Amazon: $12.99, typical price $18.55)",true,USD,under_25,"One pan, 14 by 10.25 inches, six cups. The listing says it is carbon steel with a nonstick coating and oven safe to 450°F. Added 2026-10-04. Amazon does not post an end date for the 90-day typical price.",2026-10-05,amazon,"Amazon PDP main image for ASIN B003YKGRDM, captured 2026-10-04.",https://m.media-amazon.com/images/I/71T4IKmqEVL._AC_SL500_.jpg,Chicago Metallic Professional 6-Cup Muffin Pan,amazon,live
simplihome-harrison-lift-top-ottoman-amazon,"SIMPLIHOME Harrison 36 in. Lift-Top Ottoman, Crimson Red",home,furniture,"A 36-inch square lift-top ottoman in crimson red vegan leather, with a split lid and storage underneath.",Amazon,https://www.amazon.com/dp/B06VT9WFZQ,290.57,246.98,"sale vs typical price on merchant page (Amazon: $246.98, typical price $290.57)",true,USD,other,"Listed size is 36 inches wide by 36 inches deep by 16.5 inches high. Vegan leather over wood, with a split lift-top. The listing says it arrives mostly assembled and the legs still need to be attached. Added 2026-10-04. Amazon does not post an end date for the 90-day typical price.",2026-10-05,amazon,"Amazon PDP main image for ASIN B06VT9WFZQ, captured 2026-10-04.",https://m.media-amazon.com/images/I/61pkbkAu-TL._AC_SL500_.jpg,"SIMPLIHOME Harrison 36 in. Lift-Top Ottoman, Crimson Red",amazon,live
serta-ergonomic-executive-chair-amazon,Serta Ergonomic Executive Office Chair with Lumbar Support,home,furniture,"A bonded-leather executive chair with a pivoting air lumbar, memory foam, and pocket coils in the seat.",Amazon,https://www.amazon.com/dp/B00EUU5G82,248.99,211.63,"sale vs typical price on merchant page (Amazon: $211.63, typical price $248.99)",true,USD,other,"Bonded leather, not full grain. The feature list says this style comes in black, cream, and gray, so confirm the color on the offer. The listing says the seat height and tilt tension adjust, and it recommends two people for assembly. Added 2026-10-04. Amazon does not post an end date for the 90-day typical price.",2026-10-05,amazon,"Amazon PDP main image for ASIN B00EUU5G82, captured 2026-10-04.",https://m.media-amazon.com/images/I/71UPdCo6XQL._AC_SL500_.jpg,Serta Ergonomic Executive Office Chair with Lumbar Support,amazon,live
premier-protein-coffeehouse-macchiato-12pk-amazon,"Premier Protein Coffeehouse Shake, Caramel Macchiato, 12-Pack",everyday,grocery,"Twelve Premier Protein Coffeehouse shakes in caramel macchiato, with 30 grams of protein in each bottle.",Amazon,https://www.amazon.com/dp/B0FQ8RJN8S,31.98,25.06,"sale vs typical price on merchant page (Amazon: $25.06, typical price $31.98)",true,USD,under_50,"12-pack, caramel macchiato, not the mocha. The listing says each bottle has 30g of protein, caffeine equal to one cup of coffee, no added sugar, and is gluten-free. Added 2026-10-04. Amazon does not post an end date for the 90-day typical price.",2026-10-05,amazon,"Amazon PDP main image for ASIN B0FQ8RJN8S, captured 2026-10-04.",https://m.media-amazon.com/images/I/71GM-FaKjoL._AC_SL500_.jpg,"Premier Protein Coffeehouse Shake, Caramel Macchiato, 12-Pack",amazon,live
samsonite-omni-2-hardside-3pc-nova-teal-amazon,"Samsonite Omni 2 Hardside 3-Piece Set, Nova Teal",travel,luggage,Samsonite's Omni 2 set in Nova Teal: a global carry-on plus medium and large checked spinners.,Amazon,https://www.amazon.com/dp/B08BX83MDZ,281.54,252.75,"sale vs typical price on merchant page (Amazon: $252.75, typical price $281.54)",true,USD,other,"Nova Teal 3-piece set. The listing says it includes a global carry-on and medium and large checked spinners, an integrated TSA lock, and expansion. The 20-inch carry-on has a charging system that needs a separate battery. Listed warranty is 10 years. Added 2026-10-04. Amazon does not post an end date for the 90-day typical price.",2026-10-05,amazon,"Amazon PDP main image for ASIN B08BX83MDZ, captured 2026-10-04.",https://m.media-amazon.com/images/I/91QTOPD29UL._AC_SL500_.jpg,"Samsonite Omni 2 Hardside 3-Piece Set, Nova Teal",amazon,live
breville-barista-express-bes870xl-amazon,"Breville Barista Express Espresso Machine, BES870XL, Brushed Stainless",home,small-appliances,"Breville's BES870XL Barista Express in brushed stainless, with a built-in conical burr grinder and a steam wand for milk drinks.",Amazon,https://www.amazon.com/dp/B00CH9QWOU,689.99,499.95,"sale vs typical price on merchant page (Amazon: $499.95, typical price $689.99)",true,USD,other,"Model BES870XL in brushed stainless steel. The listing describes an integrated conical burr grinder, a steam wand for microfoam, a grind-size dial, PID temperature control, and low-pressure pre-infusion. Added 2026-10-05. The comparison is Amazon's 90-day typical price, which stays on the listing until Amazon refreshes it.",2026-10-05,amazon,"Amazon PDP main image for ASIN B00CH9QWOU, captured 2026-10-05.",https://m.media-amazon.com/images/I/71BvCt6eAFL._AC_SL500_.jpg,"Breville Barista Express Espresso Machine, BES870XL, Brushed Stainless",amazon,live
brita-elite-10cup-pitcher-white-amazon,"Brita Elite 10-Cup Water Filter Pitcher, White",home,kitchen-tools,"A white Brita Elite pitcher that holds 10 cups, with one filter in the box and a shape that fits most fridge shelves.",Amazon,https://www.amazon.com/dp/B0B3GK9RW6,36.99,24.78,"sale vs typical price on merchant page (Amazon: $24.78, typical price $36.99)",true,USD,under_25,"White 10-cup Elite pitcher with one filter in the box. The listing gives the size as about 10.7 inches high, 5.4 inches wide, and 10.1 inches deep, and says the pitcher is made without BPA. It also says Elite filters fit Brita pitchers and dispensers, with Stream called out as its own case, and that a filter change is about every six months. Added 2026-10-05. The comparison is Amazon's 90-day typical price, which stays on the listing until Amazon refreshes it.",2026-10-05,amazon,"Amazon PDP main image for ASIN B0B3GK9RW6, captured 2026-10-05.",https://m.media-amazon.com/images/I/71xIPHAzuUL._AC_SL500_.jpg,"Brita Elite 10-Cup Water Filter Pitcher, White",amazon,live
slimfast-milk-chocolate-shake-12pk-amazon,"SlimFast Protein Shake, Milk Chocolate, 11 fl oz, 12-Pack",everyday,grocery,"Twelve 11 fl oz SlimFast milk chocolate shakes, with 20g of protein in each serving according to the listing.",Amazon,https://www.amazon.com/dp/B0DPNKFJ61,24.99,18.73,"sale vs typical price on merchant page (Amazon: $18.73, typical price $24.99)",true,USD,under_25,"Twelve 11 fl oz bottles, milk chocolate. The listing says each serving has 20g of protein, 5g of fiber, and 24 vitamins and minerals, and that the shake is gluten-free. This 12-pack sits alongside the Premier Protein caramel macchiato already in the catalog. Added 2026-10-05. The comparison is Amazon's 90-day typical price, which stays on the listing until Amazon refreshes it.",2026-10-05,amazon,"Amazon PDP main image for ASIN B0DPNKFJ61, captured 2026-10-05.",https://m.media-amazon.com/images/I/81G687gETrL._AC_SL500_.jpg,"SlimFast Protein Shake, Milk Chocolate, 11 fl oz, 12-Pack",amazon,live
lavazza-crema-gusto-whole-bean-2lb-amazon,"Lavazza Crema e Gusto Whole Bean Coffee, 2.2 lb",everyday,grocery,"A 2.2 lb bag of Lavazza Crema e Gusto whole beans, a medium roast the brand rates at 7/10 intensity.",Amazon,https://www.amazon.com/dp/B082VXLF3H,25.1,19.49,"sale vs typical price on merchant page (Amazon: $19.49, typical price $25.10)",true,USD,under_25,"One 2.2 lb bag of whole beans, medium roast. The listing says the blend is Arabica and Robusta, intensity 7/10, with spice notes, and that it works for espresso, moka, drip, or French press. This bag is the Crema e Gusto whole-bean size, alongside the 12 oz House Blend Perfetto ground coffee already listed. Added 2026-10-05. The comparison is Amazon's 90-day typical price, which stays on the listing until Amazon refreshes it.",2026-10-05,amazon,"Amazon PDP main image for ASIN B082VXLF3H, captured 2026-10-05.",https://m.media-amazon.com/images/I/61q6Ii9ahGL._AC_SL500_.jpg,"Lavazza Crema e Gusto Whole Bean Coffee, 2.2 lb",amazon,live
victor-allens-colombian-kcups-120-amazon,"Victor Allen's 100% Colombian Coffee Pods, Medium Roast, 120 Count",everyday,grocery,A 120-count box of Victor Allen's medium-roast Colombian pods for Keurig brewers.,Amazon,https://www.amazon.com/dp/B07MT5V21G,54.59,43.67,"sale vs typical price on merchant page (Amazon: $43.67, typical price $54.59)",true,USD,under_50,"120 pods, medium roast, 100% Arabica Colombian. The listing says they are gluten-free, non-GMO, and OU kosher, and it suggests the 8 fl oz brew setting. Added 2026-10-05. The comparison is Amazon's 90-day typical price, which stays on the listing until Amazon refreshes it.",2026-10-05,amazon,"Amazon PDP main image for ASIN B07MT5V21G, captured 2026-10-05.",https://m.media-amazon.com/images/I/71NHjSr0CZL._AC_SL500_.jpg,"Victor Allen's 100% Colombian Coffee Pods, Medium Roast, 120 Count",amazon,live
torani-coffeehouse-syrup-4pk-amazon,"Torani Coffeehouse Syrup Variety Pack, 25.4 fl oz, Set of 4",everyday,grocery,"Four 25.4 fl oz Torani syrups (caramel, French vanilla, vanilla, and hazelnut) for coffee drinks at home.",Amazon,https://www.amazon.com/dp/B01NAV05XS,25.92,20.73,"sale vs typical price on merchant page (Amazon: $20.73, typical price $25.92)",true,USD,under_25,"Four 25.4 fl oz bottles: caramel, French vanilla, vanilla, and hazelnut. The listing says the syrups are made with pure cane sugar, natural flavors, and cold-filtered water. Added 2026-10-05. The comparison is Amazon's 90-day typical price, which stays on the listing until Amazon refreshes it.",2026-10-05,amazon,"Amazon PDP main image for ASIN B01NAV05XS, captured 2026-10-05.",https://m.media-amazon.com/images/I/812u5hlA5SL._AC_SL500_.jpg,"Torani Coffeehouse Syrup Variety Pack, 25.4 fl oz, Set of 4",amazon,live
samsonite-omni-pc-hardside-3pc-black-amazon,"Samsonite Omni PC Hardside 3-Piece Set, Black",travel,luggage,Samsonite's black Omni PC hardside set: a 20-inch spinner plus 24- and 28-inch checked bags.,Amazon,https://www.amazon.com/dp/B013WFOBYA,309.0,278.09,"sale vs typical price on merchant page (Amazon: $278.09, typical price $309.00)",true,USD,other,"Black Omni PC set in 20, 24, and 28 inch sizes. The listing says the shell is micro-diamond polycarbonate, the locks are side-mounted TSA locks, the wheels are oversized spinners, and the warranty is a 10-year limited warranty. The 20-inch is described as a domestic carry-on, so match it to the airline's size rule. This Omni PC black set sits alongside the Omni 2 Nova Teal set already listed. Added 2026-10-05. The comparison is Amazon's 90-day typical price, which stays on the listing until Amazon refreshes it.",2026-10-05,amazon,"Amazon PDP main image for ASIN B013WFOBYA, captured 2026-10-05.",https://m.media-amazon.com/images/I/914pn9kFiUL._AC_SL500_.jpg,"Samsonite Omni PC Hardside 3-Piece Set, Black",amazon,live
american-tourister-4kix-2-softside-3pc-amazon,"American Tourister 4 KIX 2.0 Softside 3-Piece Set, Black",travel,luggage,"American Tourister's black 4 KIX 2.0 softside set, with an expandable carry-on, a medium, and a large.",Amazon,https://www.amazon.com/dp/B0BH9DL82Y,231.59,207.67,"sale vs typical price on merchant page (Amazon: $207.67, typical price $231.59)",true,USD,other,"Black 4 KIX 2.0 softside set: carry-on, medium, and large. The listing says the bags expand, roll on spinner wheels, and include a modesty pocket, a mesh door pocket, and elastic tie tapes. Added 2026-10-05. The comparison is Amazon's 90-day typical price, which stays on the listing until Amazon refreshes it.",2026-10-05,amazon,"Amazon PDP main image for ASIN B0BH9DL82Y, captured 2026-10-05.",https://m.media-amazon.com/images/I/91quX26fgZL._AC_SL500_.jpg,"American Tourister 4 KIX 2.0 Softside 3-Piece Set, Black",amazon,live
